หน้า (PAGE),รหัสสินค้า (PART NUMBER),รหัสเดิม (OLD NO.),ยี่ห้อ/OEM,เลขอ้างอิง (CROSS REFERENCE),รุ่นรถ/หมายเหตุ (APPLICATION)
1,ST10001,,JCB,320/04133,
1,ST10001,,FLEETGUARD,LF17556,
1,ST10001,,DONALDSON,P502465,
1,ST10002,,IVECO,1902047,
1,ST10002,,FLEETGUARD,LF3481,
1,ST10002,,DONALDSON,P550226,
1,ST10003,,NISSAN,15208-Z9003,
1,ST10003,,FLEETGUARD,LF3436,
1,ST10003,,DONALDSON,P550073,
1,ST10004,,DEUTZ,01174418,
1,ST10004,,FLEETGUARD,LF4056,
1,ST10004,,DONALDSON,P552819,
1,ST10005,,VOLVO,11708550,
1,ST10005,,FLEETGUARD,LF3827,
1,ST10005,,DONALDSON,P550768,
1,ST10006,,YANMAR,148616-35522,
1,ST10007,,,37438-05601,
1,ST10007,,SAKURA,HC-5804,
1,ST10008,,NISSAN,15274-90225,
1,ST10008,,FLEETGUARD,LF3386,
1,ST10009,,,15607-2050,
1,ST10009,,,LF3818                      B7155,
1,ST10010,,,1R0734,
1,ST10011,,,32A40-00100,
1,ST10011,,,LF3828,
1,ST10012,,,11708550                   LF3827,
1,ST10013,,,11708551 LF3914 P550453 0001801709 E161H01D28,
1,ST10014,,,15607-2260,
2,ST10015,,,15607-2281,
2,ST10016,,,37438-05501                P502083,
2,ST10017,,,37438-03300,
2,ST10017,,,37438-05601,
2,ST10018,,,JX85100D JX0810G1,
2,ST10019,,,322-3155,
2,ST10020,,,LF16108                   P502024,
2,ST10021,,,377-6969                     391-1315,
2,ST10022,,,4512207-3                   LF3308,
2,ST10023,,,267-2528,
2,ST10024,,,2654A104,
2,ST10025,,,84518337,
2,ST10026,,,LF3977,
2,ST10027,,,JX0814,
2,ST10028,,,HH153-32430,
3,ST10029,,,,
3,ST10030,,,LF17356                    5266106,
3,ST10031,,,LF16352                   5262313,
3,ST10033,,,400508-00064,
3,ST10034,,,51055017160           51055017165                 LF3506,
3,ST10035,,,JX1008L,
3,ST10036,,,400504-00058             HU1077/7X,
3,ST10037,,,898075676                  LF3466,
3,ST10038,,,RE504836                   LF16243,
3,ST10039,,,LF16034                     B7334                     P550162,
3,ST10040,,,D03S3.14-1,
3,ST10041,,,3I-1376                   P558615,
3,ST10042,,,LF3315,
3,ST10043,,,253418130165               LF16062,
4,ST10044,,,252518130139               LF16060,
4,ST10045,,,RE172178,
4,ST10046,,,21687472 21913334 21687472 23273538 23109177 152049Z00C 61275106 5223476572,
4,ST10047,,,VHS150672340,
4,ST10048,,,VHS156072360,
4,ST10049,,,13055724,
,ST10050,,,P550945 612630010239 JX1016 1000428205,
,ST10065,,,YM12915035150 P550935 LF3996 LF3657 LF3776 LF16034 YM12915035151,
4,ST10215,,,15208-40L00                673686                     P502068,
4,ST10284,,,02/100284                   LF701                     P554403,
4,ST10306S,,,MD069782S,
4,ST10306S,,,LF3564,
4,ST10306S,,,P551343,
4,ST10306D,JX306D,,MDO69782D,
4,ST10306D,JX306D,FLEETGUARD,LF3564,
4,ST10306D,JX306D,DONALDSON,P551343,
4,ST10307,JX307,,ME014833,
4,ST10307,JX307,FLEETGUARD,LF3433 2451U303-1,
4,ST10307,JX307,DONALDSON,P550067,
4,ST10309,JX309,MITSUBISHI,37540-01101,
4,ST10309,JX309,KOMATSU,600-311-1231,
4,ST10319,JX319,MITSUBISHI,ME215002,
4,ST10319,JX319,FLEETGUARD,LF3830,
4,ST10319,JX319,DONALDSON,P502008,
4,ST10351,JX351,FLEETGUARD,LF4017,
4,ST10351,JX351,DONALDSON,P558250,
5,ST10356D,JX356D,HYUNDAZ,26300-42000,
5,ST10400,JX400,MITSUBISHI,37540-11600,
5,ST10400,JX400,KOMATSU,6136-51-5121,
5,ST10402,JX402,FLEETGUARD,LF777,
5,ST10402,JX402,MITSUBISHI,37540-02100,
5,ST10402,JX402,KOMATSU,600-212-1511,
5,ST10403,JX403,PERKINS,2654403                     7W2327,
5,ST10403,JX403,FLEETGUARD,LF701,
5,ST10403,JX403,DONALDSON,P554403,
5,ST10404,JX404,,FHU554,
5,ST10406,,,RE519626,
5,ST10406,,FLEETGUARD,LF16173,
5,ST10406,,DONALDSON,P550758,
5,ST10414,JX414,,377.00.75.0066,
5,ST10415,JX415,MAZDA,JEYO-14-302,
5,ST10415,JX415,FLEETGUARD,LF3691,
5,ST10415,JX415,DONALDSON,P502063,
5,ST10415A,JX415A,MITSUBISHZ,MD135737,
5,ST10415A,JX415A,FLEETGUARD,LF3537,
5,ST10415A,JX415A,DONALDSON,P502007,
5,ST10477,JX477,VOLVO,3831236,
5,ST10477,JX477,FLEETGUARD,LF4017,
5,ST10477,JX477,DONALDSON,P553771,
5,ST10478,JX478,FLEETGUARD,LF3664,
5,ST10478,JX478,DONALDSON,P550086,
5,ST10479,JX479,IOVCE,1907584  RD3005,
5,ST10479,JX479,FLEETGUARD,LF3594,
5,ST10479,JX479,DONALDSON,P550342,
5,ST10480,JX480,,2P4004,
5,ST10480,JX480,FLEETGUARD,LF667,
5,ST10480,JX480,DONALDSON,P554004,
5,ST10481,JX481,FLEETGUARD,LF4112,
5,ST10481,JX481,DONALDSON,P551102,
6,ST10484,JX484,CATERPILLAR,9L9200,
6,ST10484,JX484,FLEETGUARD,LF654,
6,ST10484,JX484,DONALDSON,P555680,
6,ST10485,JX485,CATERPILLAR,8N9586,
6,ST10485,JX485,FLEETGUARD,LF3342,
6,ST10485,JX485,DONALDSON,P555570,
6,ST10489,JX489,,1902093,
6,ST10489,JX489,FLEETGUARD,LF3572,
6,ST10491,JX491,KOMATSU,6742-01-4120,
6,ST10491,JX491,FLEETGUARD,LF-3000,
6,ST10491,JX491,DONALDSON,P553000,
6,ST10493,JX493,KOMATSU,6742-01-4540,
6,ST10493,JX493,FLEETGUARD,LF9009,
6,ST10493,JX493,DONALDSON,P553000,
6,ST10502,JX502,VOLVO,477556-5,
6,ST10502,JX502,FLEETGUARD,LF3654,
6,ST10502,JX502,DONALDSON,P550425,
6,ST10503,JX503,VOLVO,466634-3,
6,ST10503,JX503,FLEETGUARD,LF3321,
6,ST10503,JX503,DONALDSON,P553191,
6,ST10603,JX603,,PF25,
6,ST10603,JX603,FLEETGUARD,LF651,
6,ST10603,JX603,DONALDSON,PP550025,
6,ST10603,JX603,HINO,J190058,
6,ST10604,JX604,HYUNDAI,26300-42030,
6,ST10604,JX604,DONALDSON,P551343,
6,ST10605,JX605,HYUNDAI,26300-35500,
6,ST10605,JX605,DONALDSON,P550162,
6,ST10607,JX607,HYUNDAL,26300-35501  26300-02500,
6,ST10607,JX607,FLEETGUARD,LF3403,
6,ST10607,JX607,DONALDSON,P550162,
6,ST10608,JX608,MAZDA,JE15-14-302  OK551-14-302    KF0-00202,
6,ST10608,JX608,DONALDSON,P502007,
6,ST10609,JX609,HYUNDAI,26300-ZY500,
6,ST10610,JX610,HYUNDAI,26311-45001,
7,ST10611,JX611,HYUNDAI,31945-41020,
7,ST10612,JX612,HYUNDAI,31945-41011,
7,ST10613,JX613,,ZP531,
7,ST10613,JX613,DONALDSON,P554004,
7,ST10617,JX617,HYUNDAI,YM1199000-35351 YM171056-35110 P555522 LF3361 YM129150-35152,
7,ST10678,JX678,FLEETGUARD,LF678,
7,ST10678,JX678,DONALDSON,P550020,
7,ST10711,JX711,KOMATSU,600-211-5241,
7,ST10711,JX711,FLEETGUARD,LF760,
7,ST10711,JX711,DONALDSON,P552819,
7,ST10712,JX712,KOMATSU,6136-51-5121,
7,ST10712,JX712,FLEETGUARD,LF3664,
7,ST10712,JX712,DONALDSON,P550086,
7,ST10713,JX713,KOMATSU,6134-51-5120,
7,ST10713,JX713,FLEETGUARD,LF3405  KL120 K-FLO,
7,ST10713,JX713,DONALDSON,P550708,
7,ST10714,JX714,,ME088532,
7,ST10714,JX714,FLEETGUARD,LF3817,
7,ST10714,JX714,DONALDSON,P502008,
7,ST10715,JX715,CATERPILLAR,5I-7950,
7,ST10715,JX715,FLEETGUARD,LF17335,
7,ST10715,JX715,DONALDSON,P502093,
7,ST10716,JX716,HITACHI,4429726,
7,ST10716,JX716,FLEETGUARD,LF3478,
7,ST10716,JX716,DONALDSON,P551381,
7,ST10717,JX717,HITACHI,4296675,
7,ST10717,JX717,FLEETGUARD,LF3587 2446U311-1,
7,ST10717,JX717,DONALDSON,P550420 ME088519,
7,ST10718,JX718,HITACHI,4285642,
7,ST10718,JX718,FLEETGUARD,LF3546 8-97026134-2,
7,ST10718,JX718,DONALDSON,P551257,
7,ST10719,JX719,,ME074013 2451U324-1,
7,ST10719,JX719,FLEETGUARD,LF3586 B222100000551 P552562,
7,ST10719,JX719,DONALDSON,P552562,
8,ST10720,JX720,HITACHI,4429727,
8,ST10720,JX720,FLEETGUARD,LF3542,
8,ST10720,JX720,DONALDSON,P550777,
8,ST10721,JX721,DAEWOO,65.05510-5016  5007S,
8,ST10721,JX721,HITACHI,2474Y9037B,
8,ST10721,JX721,FLEETGUARD,LF3715,
8,ST10721B,,SANY,B222100000494,
8,ST10721B,,FLEETGUARD,LF16045,
8,ST10721B,,DONALDSON,P550596,
8,ST10722,JX722,DAEWOO,65.05510-5009S,
8,ST10722,JX722,HITACHI,2474Y9014C,
8,ST10722,JX722,FLEETGUARD,LF3349,
8,ST10722,JX722,DONALDSON,P558615,
8,ST10724  ST10808,JX724,KOMATSU,6135-51-5141 6735-51-5142,
8,ST10724  ST10808,JX724,FLEETGUARD,LF3349 6736-51-5142,
8,ST10724  ST10808,JX724,DONALDSON,P558615 P550909,
8,ST10725,JX725,KOMATSU,600-211-1231,
8,ST10725,JX725,FLEETGUARD,LF747,
8,ST10725,JX725,DONALDSON,P551670,
8,ST10727,JX727,,689-3570-3031,
8,ST10728,JX728,KOMATSU,600-211-6242,
8,ST10728,JX728,FLEETGUARD,LF3415,
8,ST10728,JX728,DONALDSON,P550719,
8,ST10729,JX729,HITACHI,4183853  KS209-1,
8,ST10729,JX729,FLEETGUARD,LF3642 8-94321219-1 / 4183853/  2451U309-1,
8,ST10729,JX729,DONALDSON,P550422,
8,ST10730,JX730,,ME014838,
8,ST10730,JX730,FLEETGUARD,LF3524,
8,ST10730,JX730,DONALDSON,P550242,
8,ST10734,JX734,,ME034611,
8,ST10734,JX734,FLEETGUARD,LF3514,
8,ST10734,JX734,DONALDSON,P550378,
8,ST10735,JX735,,ME064356,
8,ST10735,JX735,FLEETGUARD,LF3447,
8,ST10735,JX735,DONALDSON,P550066,
8,ST10738,JX738,KOMATSU,6132-51-5140,
8,ST10738,JX738,FLEETGUARD,LF3345,
8,ST10738,JX738,DONALDSON,P558616,
8,ST10739,JX739,ISUZU,8-97049708-1,
8,ST10739,JX739,FLEETGUARD,LF3786,
8,ST10739,JX739,DONALDSON,P502039,
9,ST10741,JX741,NISSAN,15208-31N00,
9,ST10741,JX741,FLEETGUARD,LF3644,
9,ST10741,JX741,DONALDSON,P502007,
9,ST10742,JX742,TOYOTA,90915-10001  103001,
9,ST10742,JX742,FLEETGUARD,LF3614,
9,ST10742,JX742,DONALDSON,P502015,
9,ST10745,JX745,TOYOTA,15601-33021,
9,ST10745,JX745,FLEETGUARD,LF3599,
9,ST10745,JX745,DONALDSON,P550227,
9,ST10746,JX746S,TOYOTA,90915-30002/03006,
9,ST10746,JX746S,FLEETGUARD,LF3608,
9,ST10746,JX746S,DONALDSON,P550597,
9,ST10746D,JX746D,TOYOTA,90915-30002/03006,
9,ST10746D,JX746D,FLEETGUARD,LF3608,
9,ST10746D,JX746D,DONALDSON,P550597,
9,ST10747,JX747S,TOYOTA,90915-30003                  30001,
9,ST10747,JX747S,FLEETGUARD,LF3849,
9,ST10747,JX747S,DONALDSON,P502017,
9,ST10747D,JX747D,TOYOTA,90915-30003                  30001,
9,ST10747D,JX747D,FLEETGUARD,LF3849,
9,ST10748,JX748,TOYOTA,15600-25010,
9,ST10748,JX748,FLEETGUARD,LF3400,
9,ST10748,JX748,DONALDSON,P550882,
9,ST10751,JX751,KAMOINS,600-211-2110,
9,ST10751,JX751,FLEETGUARD,LF16011,
9,ST10751,JX751,DONALDSON,P550589,
9,ST10751B,,FLEETGUARD,LF16011,
9,ST10751B,,DONALDSON,P550335,
9,ST10755,JX755,AC,PF47,
9,ST10755,JX755,GMC,25010792,
9,ST10755,JX755,FLEETGUARD,LF780,
9,ST10755,JX755,DONALDSON,P550047,
9,ST10758,JX758,HITACHI,4429728,
9,ST10758,JX758,FLEETGUARD,LF3328,
9,ST10758,JX758,DONALDSON,P556007,
9,ST10759,JX759,HITACHI,4429729                     15607-1731/2,
9,ST10759,JX759,FLEETGUARD,LF3618,
9,ST10759,JX759,DONALDSON,P552050  P550422,
9,ST10762,JX762,FLEETGUARD,LF16112,
10,ST10767,JX767,HITACHI,4484495  4622562 4658521,
10,ST10767,JX767,FLEETGUARD,LF16045,
10,ST10767,JX767,DONALDSON,P550596,
10,ST10768,JX768,HITACHI,15607-2190,
10,ST10768,JX768,FLEETGUARD,LF16110,
10,ST10768,JX768,DONALDSON,P502364,
10,ST10773,JX773,CATERPILLAR,1R0739  2P4004 1R1807,
10,ST10773,JX773,FLEETGUARD,LF667,
10,ST10773,JX773,DONALDSON,P554004,
10,ST10775,JX775,CATERPILLAR,1R0716  2P4005,
10,ST10775,JX775,FLEETGUARD,LF619A,
10,ST10775,JX775,DONALDSON,P554005,
10,ST10788,JX788,PERKINS,SE111B,
10,ST10788,JX788,DONALDSON,P551604,
10,ST10801,JX801,CUMMINS,3318853,
10,ST10801,JX801,FLEETGUARD,LF3000,
10,ST10801,JX801,DONALDSON,P553000,
10,ST10801A,JX801B,,LF3000总成,
10,ST10801D,,CUMMINS,3919562,
10,ST10801D,,FLEETGUARD,LF3548,
10,ST10801D,,DONALDSON,P553548,
10,ST10802,JX802,CUMMINS,3310169,
10,ST10802,JX802,FLEETGUARD,LF3325,
10,ST10802,JX802,DONALDSON,P551670,
10,ST10804,JX804,CUMMINS,3889310,
10,ST10804,JX804,FLEETGUARD,LF670,
10,ST10804,JX804,DONALDSON,P550670,
10,ST10804B,JX804B,CUMMINS,3889310,
10,ST10804B,JX804B,FLEETGUARD,LF670,
10,ST10804B,JX804B,DONALDSON,P550670,
10,ST10805,JX805,CUMMINS,3889311,
10,ST10805,JX805,FLEETGUARD,LF777,
10,ST10805,JX805,DONALDSON,P550777,
10,ST10805B,JX805B,FLEETGUARD,LF777                       LF3635,
10,ST10805B,JX805B,DONALDSON,P550777,
10,ST10808/ ST10724,JX808,CUMMINS,3932217,
10,ST10808/ ST10724,JX808,FLEETGUARD,LF3349,
10,ST10808/ ST10724,JX808,DONALDSON,P558615,
11,ST10810,JX810,PERKINS,CV2473,
11,ST10810,JX810,FLEETGUARD,LF3356,
11,ST10810,JX810,DONALDSON,P551253,
11,ST10814,JX814,FLEETGUARD,LF607,
11,ST10814,JX814,DONALDSON,P550050,
11,ST10816,JX816,,B495,
11,ST10816,JX816,FLEETGUARD,LF3620,
11,ST10816,JX816,DONALDSON,P552100,
11,ST10817,JX817,CUMMINS,39346445,
11,ST10817,JX817,FLEETGUARD,LF9009,
11,ST10817,JX817,DONALDSON,P553000,
11,ST10818,SP-818,CATERPILLAR,5S0484,
11,ST10818,SP-818,FLEETGUARD,LF740,
11,ST10818,SP-818,KOMATSU,6114-50-5100  6610-53-5120,
11,ST10820,JX820,PERKINS,2654408,
11,ST10820,JX820,FLEETGUARD,LF700,
11,ST10820,JX820,DONALDSON,P554408,
11,ST10827,SP-827,HITACHI,4231195,
11,ST10827,SP-827,FLEETGUARD,LF3628,
11,ST10827,SP-827,DONALDSON,P551345,
11,ST10830,JX830,CUMMINS,3101868,
11,ST10830,JX830,FLEETGUARD,LF9000,
11,ST10830,JX830,DONALDSON,P559000,
11,ST10831,JX831,CUMMINS,3101869,
11,ST10831,JX831,FLEETGUARD,LF9001,
11,ST10831,JX831,DONALDSON,P559000,
11,ST10832,JX832,CUMMINS,15183111,
11,ST10832,JX832,FLEETGUARD,LF3345,
11,ST10832,JX832,DONALDSON,P558616,
11,ST10837,SP-837,,液压油格                  SPECIFICATION:            105*65*24,
11,ST10841,JX841,,2P4005,
11,ST10841,JX841,FLEETGUARD,LF691A,
11,ST10841,JX841,DONALDSON,P554005,
11,ST10844,JX844,,E7HZ6731A,
11,ST10844,JX844,FLEETGUARD,LF3443,
11,ST10844,JX844,DONALDSON,P550731,
11,ST10845,JX845,,B333,
12,ST10846,JX846,SCANIA,173171  P751-21600,
12,ST10846,JX846,FLEETGUARD,LF3311S,
12,ST10846,JX846,DONALDSON,P550095,
12,ST10847,JX847,,1739617,
12,ST10847,JX847,FLEETGUARD,LF3313,
12,ST10847,JX847,DONALDSON,P550008,
12,ST10848,JX848,MAZDA,802-23-802,
12,ST10848,JX848,FLEETGUARD,LF3462,
12,ST10848,JX848,DONALDSON,P550162,
12,ST10849,JX849,LISTER,751-10620,
12,ST10849,JX849,FLEETGUARD,LF3778,
12,ST10849,JX849,DONALDSON,P551784,
12,ST10851,JX851,IOVCE,1907567,
12,ST10851,JX851,FLEETGUARD,LF682,
12,ST10851,JX851,DONALDSON,P553411,
12,ST10854,JX854,FLEETGUARD,LF691A,
12,ST10854,JX854,DONALDSON,P554005,
12,ST10855,JX855,PERKINS,26540244,
12,ST10855,JX855,FLEETGUARD,LF3640  LF3883,
12,ST10855,JX855,DONALDSON,P550367,
12,ST10857,JX857,FLEETGUARD,LF3737,
12,ST10857,JX857,DONALDSON,P550452,
12,ST10860,JX860,FLEETGUARD,LF680,
12,ST10860,JX860,DONALDSON,P553634  P171184,
12,ST10863,JX863,,1174421,
12,ST10863,JX863,FLEETGUARD,LF4054,
12,ST10863,JX863,TEREX/VELTR,P553771,
12,ST10887,SP-887,MANN,E251H H12110/3,
12,ST10887,SP-887,FLEETGUARD,LF3327,
12,ST10887,SP-887,BENZ,11843825,
12,ST10894,SP-894,CATERPILLAR,,
12,ST10905,SP-905,FLEETGUARD,LF16250 CH10929 996-452,
12,ST10910,SP-910,DONALDSON,2654A002,
13,ST10914,JX914,HITACHI,4449332,
13,ST10914,JX914,FLEETGUARD,LF3313,
13,ST10914,JX914,DONALDSON,P550008,
13,ST10915,JX915,FLEETGUARD,LF3703,
13,ST10915,JX915,DONALDSON,P551352,
13,ST10917,JX917,,3937736,
13,ST10917,JX917,FLEETGUARD,LF3970,
13,ST10917,JX917,DONALDSON,P550428,
13,ST10918,JX918,,1305-23-802,
13,ST10918,JX918,FLEETGUARD,LF3666,
13,ST10918,JX918,DONALDSON,P550422,
13,ST10919,JX919,ISUZU,8-94338181-1,
13,ST10919,JX919,FLEETGUARD,LF3854,
13,ST10925,JX925,FLEETGUARD,89675429,
13,ST10944 ST10617,JX944,,129150-35152,
13,ST10944 ST10617,JX944,FLEETGUARD,LF3657 P502438,
13,ST10946,JX946,,6.086.763,
13,ST10957,JX957,,E11HD50,
13,ST10958,SP-958,HENGST,1873014,
13,ST10959,JX959,,E142HD21,
13,ST10960,JX960,,E197HD23,
13,ST10961,JX961,,HU12110X,
13,ST10962,,,W962,
13,ST10962,,FLEETGUARD,LF4054,
13,ST10962,,DONALDSON,P553771,
14,ST10963,JX963,,20998807,
14,ST10964,JX964,,HU71815X,
14,ST11001,JX1001X,BLACKCUB,15274-90226,
14,ST11002,JX1002X,HINO,S1560-72130,
14,ST11004,JX1004X,PERKINS,25011026,
14,ST11004,JX1004X,HINO,S1560-71531,
14,ST11009,JX1009,JCB,02/100284,
14,ST11012,JX1012,,,
14,ST11013,JX1013,KOBELLO,YN57V00004S002,
14,ST11015,JX1015,RENAULTTRUCK,74200709459,
14,ST11018,JX1018,CATERPILLAR,1R0713  8N9586,
14,ST11018,JX1018,FLEETGUARD,LF3342,
14,ST11018,JX1018,DONALDSON,P555570,
14,ST11114,JX1114,,Q1114/4,
14,ST11152B,JX1152B,REPLACES,LS152B,
14,ST11173,JX1173,LASE,1931173,
14,ST11173,JX1173,FLEETGUARD,HFZ8885,
14,ST11173,JX1173,DONALDSON,P502224,
14,ST11195,JX1.X95,DAWOO,96565412,
15,ST11306,JX1.306D,HYUNDAZ,26300-42101D,
15,ST11307,JX1.307H,HYUNDAI,26300-35056,
15,ST11307,JX1.307H,FLEETGUARD,LF3462,
15,ST11307,JX1.307H,DONALDSON,P550162,
15,ST11331,JX1.331,MITSUBISHZ,MD136466,
15,ST11331,JX1.331,FLEETGUARD,LF3644,
15,ST11331,JX1.331,DONALDSON,P502009,
15,ST11332,JX1332,FLEETGUARD,LF3706,
15,ST11332,JX1332,DONALDSON,P551268,
15,ST11332,JX1332,KUBOTA,HH164-32430,
15,ST11332,JX1332,KUBOTA,HH164-42430,
15,ST11340,JX1340,,600-211-1340,
15,ST11340,JX1340,FLEETGUARD,LF9018,
15,ST11340,JX1340,DONALDSON,P559000,
15,ST11343,JX1343,FLEETGUARD,LF680,
15,ST11345,JX1345,,11700375  HH150-32430,
15,ST11345,JX1345,FLEETGUARD,LF4056,
15,ST11345,JX1345,DONALDSON,P559418,
15,ST11348,JX1348,KOMATSU,569-43-83920,
15,ST11348,JX1348,,P803-02986,
15,ST11349,JX1349,,321925140,
15,ST11349,JX1349,JCB,200,
15,ST11353,,HITACHI,4463783,
15,ST11353,,FLEETGUARD,LF3657,
15,ST11353,,YANMAR,129150-35153,
15,ST11354,,YANMAR,119305-35151,
15,ST11354,,FLEETGUARD,LF3692 LF3925,
15,ST11354,,DONALDSON,P502067,
15,ST11356,JX1356,HYUNDAI,26312-83C10,
15,ST11356,JX1356,DONALDSON,P502444,
15,ST11357,JX1357,VANSIT,7502,
16,ST11360,JX1360,FLEETGUARD,LF3925,
16,ST11360,JX1360,DONALDSON,P502067,
16,ST11361,JX1361,AIP,11180058,
16,ST11362,JX1362,HYUNDAI,26300-42040,
16,ST11362,JX1362,FLEETGUARD,LF16227,
16,ST11362,JX1362,DONALDSON,P551343,
16,ST11405,JX1405K,KIA,K620-23-802,
16,ST11406,JX1406,MAZDA,8173-23-802 11900535100,
16,ST11406,JX1406,FLEETGUARD,LF716 1537287212,
16,ST11406,JX1406,DONALDSON,P552849,
16,ST11468,JX1.468,REPLACES,LS468,
16,ST11468,JX1.468,FLEETGUARD,LF3624,
16,ST11468,JX1.468,DONALDSON,P502076,
16,ST11502,JX502K,KIA,K711-23-802,
16,ST11602,JX1602P,REPLACES,LS602P,
16,ST11805,JX1.805,HONDA,15400-PHI-004,
16,ST11805,JX1.805,FLEETGUARD,LF3462,
16,ST11805,JX1.805,DONALDSON,P502051,
16,ST11843,,,,
16,ST11863,SP-863,CATERPILLAR,4P2839 7N7500,
16,ST11863,SP-863,FLEETGUARD,LF3485,
16,ST11863,SP-863,DONALDSON,P557500,
16,ST11867,JX1.867B,PEUGEOT,LS867B,
16,ST11867,JX1.867B,FLEETGUARD,LF3624,
16,ST11867,JX1.867B,DONALDSON,P502076,
16,ST11901,JX1901,MAZOA,B6Y1-14-302,
16,ST11901,JX1901,FLEETGUARD,LF3692,
16,ST11901,JX1901,DONALDSON,P502067,
16,ST12256,JX2256,DEUTZ,01182256,
16,ST12256,JX2256,FLEETGUARD,LF4112,
17,ST13111,JX3111,,2654A111  462-1171  B7378,
17,ST13111,JX3111,CATERPILLAR,2698325,
17,ST13111,JX3111,FLEETGUARD,LF17475,
17,ST13111,JX3111,DONALDSON,P550920,
17,ST13261,JX3261,LASE,87803261,
17,ST13261,JX3261,FLEETGUARD,LF16015,
17,ST13261,JX3261,DONALDSON,P550520,
17,ST13311,JX3311,SCANIA,173171,
17,ST13311,JX3311,FLEETGUARD,LF3376,
17,ST13311,JX3311,DONALDSON,P550941,
17,ST13333,JX3333,FLEETGUARD,LF3333,
17,ST13333,JX3333,DONALDSON,P551670                        2S-1285,
17,ST13338,JX3338,SKODA,44107019-193-6,
17,ST13410,JX3.410K,KIA,K710-23-570,
17,ST13462,JX1.3462S,SAIPA,500302,
17,ST13564,JX1.3564,MITSUBISHI/HYUNDI,26300-4210,
17,ST13564,JX1.3564,FLEETGUARD,LF3564,
17,ST13564,JX1.3564,DONALDSON,P551343,
17,ST14004,,,2P4004,
17,ST14004,,DONALDSON,P554004,
17,ST14115,JX4115,FLEETGUARD,LF785,
17,ST14115,JX4115,DONALDSON,P554770,
17,ST14407,JX4407,PERKINS,2654407  7W2326,CAT910H JCB3CX
17,ST14407,JX4407,FLEETGUARD,LF699,
17,ST14407,JX4407,DONALDSON,P554407,
17,ST14421,JX4421,DEUTE,01174421,
17,ST14421,JX4421,FLEETGUARD,LF4054,
17,ST14421,JX4421,DONALDSON,P553771,
17,ST15021,JX5021,HYUNDAZ,26300-42000,
17,ST15111,JX55111,FLEETGUARD,LF3320,
17,ST15111,JX55111,MERCEDES-BEN,A4011800009,
18,ST15114,JX55114,MERCEDES-BEN,A4031890025,
18,ST15219,JX55219,MERCEDES-BEN,A4411800009,
18,ST15219,JX55219,FLEETGUARD,LF3607,
18,ST15251,JX55251,MERCEDES-BEN,A001845625,
18,ST17034,JX7034,,9-88513264-1,
18,ST17034,JX7034,FLEETGUARD,LF3430,
18,ST17034,JX7034,,HUO7-7  UH083,
18,ST17035,JX7035,HINO,15607-1560,
18,ST17035,JX7035,FLEETGUARD,LF3511,
18,ST17037,JX7037,HINO,15607-1030/1130             6071-2104/00140,
18,ST17050,JX7050,PERKINS,140517050,
18,ST17050,JX7050,FLEETGUARD,LF3874,
18,ST17050,JX7050,DONALDSON,P502016  201-55370,
18,ST17211,JX7211,DONALDSON,65.05510-5017S,
18,ST17211,JX7211,FLEETGUARD,LF670,
18,ST17211,JX7211,DONALDSON,P551670,
18,ST17212,JX7212,FLEETGUARD,LF9325,
18,ST17212,JX7212,,65.05510-5027S,
18,ST17369,JX7369,,7369-20150,
18,ST17369,JX7369,FLEETGUARD,LF3384,
18,ST17369,JX7369,DONALDSON,P550021   15274-99329,
18,ST17751,JX7751      同JX775（三田发货全发JX775）,CATERPILLAR,1R1808,
18,ST17751,JX7751      同JX775（三田发货全发JX775）,FLEETGUARD,LF691A,
18,ST17751,JX7751      同JX775（三田发货全发JX775）,DONALDSON,P551808,
18,ST17784,JX7784,CATERPILLAR,1R0714,
18,ST17784,JX7784,FLEETGUARD,LF3328,
18,ST17784,JX7784,DONALDSON,P556007,
18,ST18006,SP-8006,CATERPILLAR,179-1502,
18,ST18006,SP-8006,FLEETGUARD,LF3660,
19,ST18024,JX8024,CUMMINS,3919823,
19,ST18024,JX8024,FLEETGUARD,LF9024,
19,ST18024,JX8024,DONALDSON,P550775,
19,ST18659,SP-8659,CATERPILLAR,1R-0659,
19,ST18659,SP-8659,FLEETGUARD,LF3610,
19,ST18659,SP-8659,DONALDSON,P550484,
19,ST18721,SP-8721,CATERPILLAR,1R-0721  5S0485,
19,ST18721,SP-8721,FLEETGUARD,LF519,
19,ST18721,SP-8721,DONALDSON,P550485,
19,ST18726,SP-8726,CATERPILLAR,1R-0726,
19,ST18726,SP-8726,FLEETGUARD,LF3485,
19,ST18726,SP-8726,DONALDSON,P557500,
19,ST18739,JX8739,FLEETGUARD,LF739,
19,ST18739,JX8739,DONALDSON,P550152,
19,ST19026,JX9026,LASE,254686A2,
19,ST19026,JX9026,FLEETGUARD,HF35150,
19,ST19026,JX9026,DONALDSON,P179342,
19,ST19690,JX9690,VOLVO,423135,
19,ST19690,JX9690,FLEETGUARD,LF690,
19,ST19690,JX9690,DONALDSON,P558250,
20,ST20001,,HINO,23401-1320,
20,ST20001,,FLEETGUARD,FF5138,
20,ST20001,,DONALDSON,P550225,
20,ST20002,,KOMATSU,600-319-5610,
20,ST20003,,CATERPILLAR,319-0844,
20,ST20004,,CATERPILLAR,1R-0710,
20,ST20004,,FLEETGUARD,FF183,
20,ST20004,,DONALDSON,P559100,
20,ST20005,,,ME039817,
20,ST20006,,FLEETGUARD,FS19728,
20,ST20006,,DONALDSON,P550736,
20,ST20007,,FLEETGUARD,FS19624,
20,ST20007,,DONALDSON,P550467,
20,ST20008,,JCB,320/07155,
20,ST20008,,FLEETGUARD,FF5794,
20,ST20008,,DONALDSON,P765325,
20,ST20009,,,16403-Z9000,
20,ST20009,,,16403-Z7000,
20,ST20009,,,FF5172,
20,ST20010,,,1161341,
20,ST20010,,,FF5040,
20,ST20010,,,SP905,
20,ST20011,,,P552564,
20,ST20012,,,23401-1690,
20,ST20012,,,FF5733,
20,ST20013,,,11988962 P550837,
20,ST20013,,,FF5796 FCO-2064,
20,ST20013A,CX013,,FF215,
21,ST20014,,,382-0664,
21,ST20014,,,316-9954 438-5386,
21,ST20015,,,360-8958,
21,ST20016,,,360-8960,
21,ST20017,,,8-97172549-1 B222100000730 / P505951 K-FLO,
21,ST20017,,,P505951 8-97172549-1 FF5451 60220063,
21,ST20018,,,5T057-25610,
21,ST20018,,,15601-43170,
21,ST20019,,,504287000,
21,ST20019,,,BT9883,
21,ST20020,,,33351,
21,ST20021C,CX021,KOMATSU,600-311-4510/600-319-4540,
21,ST20021C,CX021,FLEETGUARD,FS19946 600-319-4510 600-319-4500,
21,ST20021C,CX021,DONALDSON,P550397 P553200 P550937,
21,ST20022,CX022,KOMATSU,600-311-3210,
21,ST20022,CX022,FLEETGUARD,FS20036,
21,ST20022,CX022,DONALDSON,P553200,
21,ST20023,,,233-9856,
21,ST20024,,,FF5327/1119G030,
21,ST20025,,,FF5706/5262311,
21,ST20026,,,FS19925/5264870,
21,ST20027,,,P502233/ME150631,
22,ST20028,,,360-8959 479-4131 479-4132,312E 312F 314E 320F  924K 926M 966F  525D 535D 545D 555D
22,ST20029,,,P556915,
22,ST20029,,,BF5800                      FF5207,
22,ST20030,,,320/07382,
22,ST20031,,,RE529643,
22,ST20032,,,423-8521,
22,ST20033,,,423-8522,
22,ST20034,,,423-8524,
22,ST20035,,,423-8525,
22,ST20036,,,YA00037134,
22,ST20037,,,8-98239464-1 60282117SFF3486 / 8-98312918-0 / MMH80990 YA00033486,
22,ST20038,,,DX150,
22,ST20039,,,CX0709,
22,ST20040,,,837079727,
22,ST20041,,,837079726,
23,ST20042,,,504048025                  FS19597,
23,ST20043,,,1878042C91              1878042C92,
23,ST20044,,,5801439821,
23,ST20045,,,2992662                   WK950/19,
23,ST20046,,,FF63009                    5303743,
23,ST20047,,,FS1098                    5319680,
23,ST20048,,,FS20019                    FS20020,
23,ST20049,,,G5800-1105240              FS36235,
23,ST20050,,,2H7254,
23,ST20051,,,311-3901 3636686 363-6572 4981344 540-5119 3577745,
23,ST20052,,,400508-00064,
23,ST20053,,,131-1812,
23,ST20054,,,156-1200,
23,ST20055,,,400508-00101                PU822,
24,ST20056,,,434-3928,
24,ST20057,,,CX0711B                    117060-29DB,
24,ST20058,,,53C0576 P502639                    FS23231 FS36215 FS36231,
24,ST20059,,,1763776/FF5424,
24,ST20060,,,800154401                  5335504                      FF268,
24,ST20061,,,60282026,
24,ST20062,,,FS19775/R45P,
24,ST20063,,,400508-00063,
24,ST20064,,,60307131 60307173 R011812 160603020043B A14-01460 SPD22002 KFW6173,SY215 SY200
24,ST20065,,,364-5287,
24,ST20066,,,5794131,
24,ST20067,,,17201956,
24,ST20068,,,600-319-5910,
24,ST20069,,,FS19765,
25,ST20070,,,23390-0L050           VH23303EV010,
25,ST20071,,,400504-00115,
25,ST20072,,,FS19608                    3991350,
25,ST20073,,,FS36247                    5301449,
25,ST20074,,,32/925760,
25,ST20075,,,FF4070,
25,ST20076,,,A3000-1105030,
25,ST20077,,,FS20021             WG6625550105/1,
25,ST20078,,,FS20021               A0000904251,
25,ST20079,,,R58060-10               YA00024701,
25,ST20080,,,VA32K6201010,SK135SR-7 SK130
25,ST20081,,,1J520-43060 VA32K6201020,
25,ST20082,,,YA00005785,
25,ST20083,,,RE525523,
26,ST20084,,,RE5077284,
26,ST20085,,,363-5819,
26,ST20086,,,376-2578                   P550281,
26,ST20087,,,22296415,
26,ST20088,,,FS20021               S00007280+02,
26,ST20089,,,RK022042PS               652045686,
,ST20097,,,5095694 509-5694 434-3928 4343928,E320GC
,ST20098,,,523-4987,E320GC
26,ST20117,CX117,PERKINS,26561117   7111296,
26,ST20117,CX117,FLEETGUARD,FF167,
26,ST20117,CX117,DONALDSON,P556245,
26,ST20219,CX219,,3973233,
26,ST20219,CX219,FLEETGUARD,FS19732,
26,ST20219,CX219,DONALDSON,P550848,
26,ST20247,CX247,HITACHI,4S00247,
26,ST20247,CX247,DONALDSON,P557440,
26,ST20304,CX304,HITACHI,4S00483  4326739,
26,ST20304,CX304,MITSUBISHI,ME056670,
26,ST20304,CX304,FLEETGUARD,"FF5367 (FF5367,P550391,02138,4326739 4616544,096-9625,31945-72001",
26,ST20304,CX304,DONALDSON,P550391,
26,ST20311,CX311,MITSUBISHI,34462-00300,
26,ST20311,CX311,FLEETGUARD,FF5300,
26,ST20311,CX311,DONALDSON,P502143,
26,ST20312,CX312,,KS571C 2446U175S3,
26,ST20312,CX312,KOMATSU,4206130 2451U309-2,
26,ST20312,CX312,FLEETGUARD,FF5231 P550057,
26,ST20312,CX312,DONALDSON,P550057,
26,ST20313,CX313,KOMATSU,600-311-3750,
26,ST20313,CX313,KOMATSU,600-319-3750,
26,ST20313,CX313,FLEETGUARD,FF5488,
26,ST20313,CX313,DONALDSON,P550774,
26,ST20320,CX320D,DEUTE,01174423,
26,ST20320,CX320D,FLEETGUARD,FF5018,
26,ST20320,CX320D,DONALDSON,P553004,
27,ST20325A,CX325B,,FS19816总成,
27,ST20325C,CX325,FLEETGUARD,FS19816,
27,ST20326,CX326,FLEETGUARD,FF42000,
27,ST20327,CX327,VOLVO,20805349,
27,ST20327,CX327,FLEETGUARD,FF5702,
27,ST20328,CX328,VOLVO,11708555,
27,ST20328,CX328,FLEETGUARD,FF5645,
27,ST20328,CX328,DONALDSON,P550662,
27,ST20336,,KOMATSU,600-311-3870 600-319-3870 FF42120 P502669,PC60-8 PC70-8 PC130-8
27,ST20337,,KOMATSU,600-311-4120,
27,ST20337,,FLEETGUARD,FS19805 P502566 600-319-4110,
,ST20338,,,P553995 600-311-3530 FF5638 600-319-3530,82-152-476
27,ST20338,,,4946635 4942437 SN40638,
27,ST20385,SP-CX385,HITACHI,4676385                    4649267,
27,ST20386,CX386,,YN21P01157R100,
27,ST20387,CX387,,1-13240194-0              ME300647                    FF5363,
27,ST20474,CX474,VOLVO,11110474,
27,ST20474,CX474,FLEETGUARD,FS19753,
27,ST20474,CX474,DONALDSON,P551026  P505957,
27,ST20501,CX501,VOLVO,3825133-6,
27,ST20501,CX501,FLEETGUARD,FF5074,
27,ST20501,CX501,DONALDSON,P553004,
27,ST20600A,A600FH,,129906-55700          ST29030ASSY,
28,ST20601,CX601,HITACHI,31945-84040,
28,ST20601,CX601,DONALDSON,P502539,
28,ST20602,CX602,HITACHI,31945-84000,
28,ST20602,CX602,DONALDSON,R010074,
28,ST20616,CX616,MITSUBISHI,ME006066,
28,ST20616,CX616,FLEETGUARD,FF5087,
28,ST20616,CX616,DONALDSON,P550048,
28,ST20618,CX618,,25014342,
28,ST20618,CX618,FLEETGUARD,FF5206,
28,ST20618,CX618,DONALDSON,P556916,
28,ST20621,CX621,VOLVO,11711074,
28,ST20621,CX621,FLEETGUARD,FF5709,
28,ST20621,CX621,DONALDSON,P554620,
28,ST20624,CX624,PERKINS,25011026,
28,ST20624,CX624,PERKINS,12978047,
28,ST20624,CX624,FLEETGUARD,FF5037,
28,ST20624,CX624,DONALDSON,P550959,
28,ST20625,CX625,KOMATSU,600-311-8220,
28,ST20625,CX625,FLEETGUARD,FF5058,
28,ST20625,CX625,DONALDSON,P550410,
28,ST20627,CX627,VOLVO,20430751/612630080087,
28,ST20627,CX627,FLEETGUARD,FF5507,
28,ST20627,CX627,DONALDSON,P550529,
28,ST20629,CX629,VOLVO,8193841/420799,
28,ST20629,CX629,FLEETGUARD,FF5272,
28,ST20629,CX629,DONALDSON,P550372,
28,ST20641,SP-CX641,ISUZU,8980088400,
28,ST20641,SP-CX641,HITACHI,4642641 P502422 4642641 FF5795 SF2501 F3501 EF1801 EF1002,
28,ST20642,SP-CX642,ISUZU,YT21P01006R100,SK75-
28,ST20642,SP-CX642,HITACHI,ME222133 ME222135,
28,ST20701,CX701,,KS101F,PC100-5.6 PC120-5.6
28,ST20701,CX701,KOMATSU,600-311-8221  600-311-8220,PC128uu PC200-1.2.3.5.6
28,ST20701,CX701,FLEETGUARD,FF5058 6136-71-6120,D40
28,ST20701,CX701,DONALDSON,P550410,
28,ST20702,CX702,CATERPILLAR,5I7951,
28,ST20702,CX702,,ME015254,
28,ST20702,CX702,FLEETGUARD,FF5089,
28,ST20702,CX702,DONALDSON,P550932,
28,ST20703,CX703,,KS570C,
28,ST20703,CX703,HITACHI,4206080/4616545,
28,ST20703,CX703,FLEETGUARD,FF5108 P552564,
28,ST20703,CX703,DONALDSON,P552564,
29,ST20704,CX704,CATERPILLAR,1P2299,
29,ST20704,CX704,FLEETGUARD,FF185,
29,ST20704,CX704,DONALDSON,P557440,
29,ST20705,CX705,KOMATSU,600-311-7460 600-311-6220,
29,ST20705,CX705,FLEETGUARD,FF5114   FF5081,
29,ST20705,CX705,DONALDSON,P550057 600-311-6221,
29,ST20706,CX706,KOMATSU,6732-71-6110   6732-71-6111,
29,ST20706,CX706,FLEETGUARD,FF5052,
29,ST20706,CX706,DONALDSON,P550440,
29,ST20707,CX707,HITACHI,4206090,
29,ST20707,CX707,FLEETGUARD,FF104,
29,ST20707,CX707,DONALDSON,P550104,
29,ST20708,,FLEETGUARD,FS19594,
29,ST20708,,DONALDSON,P550550,
29,ST20708C,CX708C,CATERPILLAR,1R0755,
29,ST20708C,CX708C,FLEETGUARD,FF5317,
29,ST20708C,CX708C,DONALDSON,P551316,
29,ST20709,CX709,,MB220900 8-94369299-3,
29,ST20709,CX709,FLEETGUARD,FF5160,
29,ST20709,CX709,DONALDSON,P550390,
29,ST20710,CX710,OEMNO,65.12503-5026A,
29,ST20710,CX710,FLEETGUARD,FF5485,
29,ST20710,CX710,DONALDSON,P550881,
29,ST20723,CX723,DAEWOO,65.12503-5011D,
29,ST20723,CX723,FLEETGUARD,FS1212,
29,ST20723,CX723,DONALDSON,P558000,
29,ST20733,CX733,KOMATSU,600-311-8293 600-311-8291-92,
29,ST20733,CX733,FLEETGUARD,FF5253,
29,ST20733,CX733,DONALDSON,P550106,
29,ST20737,CX737,HINO,23390-E0020,
29,ST20737,CX737,HINO,VG1540080110,
29,ST20737,CX737,HINO,S2340-11830-A,
29,ST20737,CX737,FLEETGUARD,FS19897,
29,ST20737,CX737,DONALDSON,P502466,
29,ST20752,CX752,,R60P  23401-1440,
29,ST20752,CX752,FLEETGUARD,FS1287,
29,ST20752A,CX752D,FLEETGUARD,R60P                        FS1287,
29,ST20752A,CX752D,HINO,23401-1440A,
29,ST20752C,CX752B,,R60P,
29,ST20752C,CX752B,FLEETGUARD,FS1287,
29,ST20752C,CX752B,HINO,23401-1440,
30,ST20753,CX753B,,P420L  焊威带总成,
30,ST20753,CX753B,FLEETGUARD,FS19769,
30,ST20753,CX753B,DONALDSON,P550778,
30,ST20753A,CX753,,P420L  奥威带总成,
30,ST20753A,CX753,FLEETGUARD,FS19769,
30,ST20753A,CX753,DONALDSON,P550778,
30,ST20754,CX754,FLEETGUARD,PL270                     FS19907 P551034 P550778 P502594,
30,ST20754A,CX754B,,PL270总成 带输油泵,
30,ST20756,CX756,,FS19789,
30,ST20760,CX760,,FS19753,
30,ST20763,CX763,,FF5327                   1119G030                 T64101003,
30,ST20764,CX764,,FS5156,
30,ST20766,CX766,,612630080203滩柴欧三,
30,ST20769,CX769,CATERPILLAR,1R0769,
30,ST20769,CX769,FLEETGUARD,FS19843,
30,ST20769,CX769,DONALDSON,P550626,
30,ST20769C,CX769B带杯,CATERPILLAR,1R0769,
30,ST20769C,CX769B带杯,FLEETGUARD,FS19843,
30,ST20769C,CX769B带杯,DONALDSON,P550626,
30,ST20770,CX770,CATERPILLAR,1R0770,
30,ST20770,CX770,FLEETGUARD,FS19820,
30,ST20770,CX770,DONALDSON,P550626,
30,ST20770C,CX770B带杯,CATERPILLAR,1R0770,
30,ST20770C,CX770B带杯,FLEETGUARD,FS19820,
30,ST20770C,CX770B带杯,DONALDSON,P550626,
30,ST20772,CX772,CATERPILLAR,1R0751,
30,ST20772,CX772,FLEETGUARD,FF5324,
30,ST20772,CX772,DONALDSON,P551315,
31,ST20774,CX774,CATERPILLAR,1R0712,
31,ST20774,CX774,FLEETGUARD,FF5264,
31,ST20774,CX774,DONALDSON,P551712,
31,ST20776,CX776,CATERPILLAR,1R0750,
31,ST20776,CX776,FLEETGUARD,FF5320,
31,ST20776,CX776,DONALDSON,P551313,
31,ST20778,CX778,CATERPILLAR,1R0749,
31,ST20778,CX778,FLEETGUARD,FF5319,
31,ST20778,CX778,DONALDSON,P551311,
31,ST20779,CX779,CATERPILLAR,117-4089,
31,ST20779,CX779,FLEETGUARD,FS19555,
31,ST20779,CX779,DONALDSON,P550502,
31,ST20779C,CX779B带杯,CUMMINS,117-4089,
31,ST20779C,CX779B带杯,FLEETGUARD,FS19555,
31,ST20779C,CX779B带杯,DONALDSON,P550502,
31,ST20780,CX780,CATERPILLAR,1R0753,
31,ST20780,CX780,FLEETGUARD,FF5322,
31,ST20780,CX780,DONALDSON,P551312,
31,ST20783,CX783,CATERPILLAR,1R0762,
31,ST20783,CX783,FLEETGUARD,FF5624,
31,ST20783,CX783,DONALDSON,P550625,
31,ST20785,CX785,,R90P,
31,ST20785,CX785,FLEETGUARD,FS19532,
31,ST20785,CX785,DONALDSON,P550747,
31,ST20785C,CX785B带杯,,R90P,
31,ST20785C,CX785B带杯,FLEETGUARD,FS19532,
31,ST20785C,CX785B带杯,DONALDSON,P550747,
31,ST20785,CX785C杯,USE FOR,R90P ST20785,
31,ST20785,CX785C杯,,11110474  ST20474,
31,ST20785,CX785C杯,,11110668  ST28668,
31,ST20785S,CX785D带总成,,R90P,
31,ST20785S,CX785D带总成,FLEETGUARD,FS19532,
31,ST20785S,CX785D带总成,DONALDSON,P550747,
31,ST20786,CX786,PERKINS,26560143,
31,ST20786,CX786,FLEETGUARD,FS19531,
31,ST20786,CX786,DONALDSON,P550401,
31,ST20787,CX787,PERKINS,26560145,
31,ST20787,CX787,FLEETGUARD,FS19530,
31,ST20787,CX787,DONALDSON,P550399,
31,ST20790,CX790,CATERPILLAR,133-5673,
31,ST20790,CX790,FLEETGUARD,FS19591,
31,ST20790,CX790,DONALDSON,P550748,
32,ST20796,CX796,VOLVO,20480593  20514654,
32,ST20796,CX796,FLEETGUARD,FS19735,
32,ST20796,CX796,DONALDSON,P559628,
32,ST20798,CX798,KOMATSU,6754-71-6140 6754-71-6130,
32,ST20798,CX798,FLEETGUARD,FF5485,
32,ST20798,CX798,DONALDSON,P550881,
32,ST20799,CX799,KOMATSU,600-319-3550 600-311-3550,
32,ST20799,CX799,DONALDSON,P553500 600-311-3520,
32,ST20803,CX803,CUMMINS,3309437 2299202 3313306,
32,ST20803,CX803,FLEETGUARD,FF0202,
32,ST20803,CX803,DONALDSON,P550202,
32,ST20806,CX806,CUMMINS,3308638   3315843,
32,ST20806,CX806,FLEETGUARD,FS1212,
32,ST20806,CX806,DONALDSON,P558000,
32,ST20807,CX807,CUMMINS,1427845 600-311-8293/9192/8281/8321,
32,ST20807,CX807,FLEETGUARD,FF105 4192631,
32,ST20807,CX807,DONALDSON,P550105,
32,ST20807D,CX807D,CUMMINS,3315847,
32,ST20807D,CX807D,FLEETGUARD,FF105D,
32,ST20807D,CX807D,DONALDSON,P550106,
32,ST20809,CX809,,OD19596   OE42873,
32,ST20809,CX809,FLEETGUARD,FF4036,
32,ST20809,CX809,DONALDSON,P550365,
32,ST20811,CX811,CUMMINS,3931065  3931063,
32,ST20811,CX811,FLEETGUARD,FF5052 11E170010,
32,ST20811,CX811,DONALDSON,P550440,
32,ST20812,CX812,CUMMINS,3903410  3930942  3890706,
32,ST20812,CX812,FLEETGUARD,FS1280   FS5285,
32,ST20812,CX812,DONALDSON,P551329 6732-71-6120,
32,ST20813,CX813,CUMMINS,3329289,
32,ST20813,CX813,FLEETGUARD,FS1000,
32,ST20813,CX813,DONALDSON,P551000,
32,ST20815,CX815,FLEETGUARD,FF185,
32,ST20815,CX815,DONALDSON,P557440,
32,ST20817,SP-817,MITSUBISHI,ME039816N,
32,ST20827,CX827,CATEEPILLAR,4N5823,
32,ST20827,CX827,FLEETGUARD,FF211,
32,ST20827,CX827,DONALDSON,P555823,
33,ST20829,CX829,CUMMINS,3089916/ 600-319-3111,
33,ST20829,CX829,FLEETGUARD,FS1006,
33,ST20829,CX829,DONALDSON,P551006,
33,ST20829C,CX829C,KOMATSU,600-311-7550,
33,ST20829C,CX829C,FLEETGUARD,FS1006,
33,ST20829C,CX829C,DONALDSON,P551006,
33,ST20838,SP-838,KOMATSU,6110-70-6202,
33,ST20838,SP-838,FLEETGUARD,FF225,
33,ST20838,SP-838,DONALDSON,P550861,
33,ST20849,CX849,FLEETGUARD,FF5074,
33,ST20849,CX849,DONALDSON,P553004,
33,ST20859,CX859,VOLVO,466987   243004,
33,ST20859,CX859,FLEETGUARD,FF5018,
33,ST20859,CX859,LISTER,P553004,
33,ST20868,CX868,,4900274  J911213,
33,ST20868,CX868,FLEETGUARD,FS1235,
33,ST20868,CX868,DONALDSON,P550690,
33,ST20869,SP-869,,,
33,ST20869A,SP869A,,SK-8,
33,ST20874,CX874,BALDWIN,BF970,
33,ST20874,CX874,FLEETGUARD,FF5253,
33,ST20874,CX874,DONALDSON,P557440,
33,ST20880,SP-CX880,ISUZU,8980742880,
33,ST20880,SP-CX880,LISTER PETTER,4679981 4719920,
33,ST20882,SP-882,,998-422   561-666,
33,ST20883,SP-883,FLEETGUARD,FF5044,
33,ST20883,SP-883,LISTER PETTER,330573/S,
33,ST20885,SP-885,KOMATSU,8N9850,
33,ST20885,SP-885,FLEETGUARD,FF5337,
33,ST20885,SP-885,DONALDSON,P559850,
33,ST20903,SP-903,FLEETGUARD,FF5713                     CH10931                       996-454,
34,ST20904,SP-904,FLEETGUARD,FF5714                     CH10930                        996-453,
34,ST20907,SP-907,,柳工先导,
34,ST20908,SP-908,DONALDSON,26560163,
34,ST20909,SP-909,FLEETGUARD,FS20009                     1R1804,
34,ST20909,SP-909,DONALDSON,26560201,
34,ST20920A,CX920,,R120P,
34,ST20920A,CX920,FLEETGUARD,FS19591,
34,ST20920A,CX920,DONALDSON,P550748,
34,ST20942,CX942,,德国海德堡印刷机,
34,ST20945,CX945,YANMAR,123907-55800 129907-55800,
34,ST20945,CX945,FLEETGUARD,FF165,
34,ST20956,CX956,,德国海德堡印刷机,
34,ST20999,SP-999,,B6436169,
34,ST21004,CX1004,,612630080203,
34,ST21245,CX1245,DEUTZ,01181245,
34,ST21245,CX1245,FLEETGUARD,FF5709,
34,ST21335,CX1335,KUBOTA,1G390-43161,
35,ST21336,CX1336,KUBOTA,HH166-43560,
35,ST21337,JX1003X,HINO,S23401-1640,
35,ST21350,CX1350,,P420X,
35,ST21350,CX1350,FLEETGUARD,FS19769,
35,ST21350,CX1350,DONALDSON,P550778,
35,ST21350A,CX1350C,,PL420总成 带输油泵,
35,ST21350C,CX1350B,,P420X,
35,ST21350C,CX1350B,FLEETGUARD,FS19769,
35,ST21350C,CX1350B,DONALDSON,P550778,
35,ST21350C,CX1350B,,,
,ST21351,,,11110683 439-5037 P955606,
35,ST21351,,,P955606 P551858  FS19914,
35,ST21352,CX1352,KUBOTA,15221-43170,
35,ST21352,CX1352,FLEETGUARD,FF5226,
35,ST21352,CX1352,DONALDSON,P550127,
35,ST21355,,,124550-55700               4313065                     FF5259,
35,ST21752A,CX752C,,R60P,
35,ST21752A,CX752C,FLEETGUARD,FS1287,
35,ST21000A,A11000,,1000FG                 ST22020ASSY,
35,ST21000FHS,A1000FHS,,,
35,ST21500A,A1500,,500FG                  ST22010ASSY,
35,ST21805A,A11805,KOMATSU,22U-04-21131            ST20883ASSY,
35,ST21806A,A11806,,129906-55700                 XJAU-00234,
35,ST21807A,A11807,DONALDSON,8980742880 ASSY,
35,ST21808A,A11808,DONALDSON,4676385 ASSY,
35,ST21809,,,6610-72-8600                 FF205,
36,ST21809A,A11809,DONALDSON,4642641                       ASSY,
36,ST21900A,A1900,,900FG                   ST22040ASSY,
36,ST22010,CX2010,,2010PM新                   FS20103,
36,ST22020,CX2020,,2020PM新                    FS1206                        FS20203,
36,ST22040,CX2040,,2040PM P552044 FS1207                   FS20403 14622355,"EC210B, EC210D, EC240B, EC290B, EC300D, EC330, EC360B, EC460B และ EC480D"
36,ST22118,CX2118,CATERPILLAR,326-1641  1R0781,
36,ST22118,CX2118,FLEETGUARD,FS19968,
36,ST22118,CX2118,DONALDSON,P550900,
36,ST22119,CX2119,CAT,326-1644,
36,ST22119,CX2119,FLEETGUARD,FS20007,
36,ST22119,CX2119,DONALDSON,P551010,
36,ST22120C,CX2120,CATERPILLAR,159-6102  138-3098,
36,ST22120C,CX2120,FLEETGUARD,FS19531,
36,ST22120C,CX2120,DONALDSON,P550401,
36,ST22122C,CX2122,CATERPILLAR,138-3100,
36,ST22122C,CX2122,FLEETGUARD,FS19811,
36,ST22122C,CX2122,DONALDSON,P551429,
36,ST22124,CX2124,,RE62418,
36,ST22124,CX2124,FLEETGUARD,FS19516,
36,ST22124,CX2124,DONALDSON,P550351,
36,ST22131,CX2131,CATERPILLAR,151-2409,
36,ST22131,CX2131,FLEETGUARD,FS19612,
36,ST22131,CX2131,DONALDSON,P551436,
36,ST22132,CX2132,JCB,32925869,
36,ST22132,CX2132,FLEETGUARD,FS19992,
36,ST22132,CX2132,DONALDSON,P551425,
36,ST22133,CX2133,CATERPILLAR,228-9130,
36,ST22133,CX2133,FLEETGUARD,FS19837,
36,ST22133,CX2133,DONALDSON,P551433,
36,ST22134,CX2134,JCB,32925694,
36,ST22134,CX2134,FLEETGUARD,FS1069,
36,ST22134,CX2134,DONALDSON,P551426,
37,ST22135,CX2135,,65.12503-5101P954925 FS19950 31945-45C00 3194545C00 319457L002 11QA-71040-SE 11QA-71040 11QA71040,
37,ST22136,CX2136,FLEETGUARD,R160T                     FS19914 2113151 11110683  P955606 P551858,
37,ST22138,CX2138,CATERPILLAR,147-6543,
37,ST22139,,JCB,32/925994,
37,ST22139,,FLEETGUARD,FS19993,
37,ST22139,,DONALDSON,P551425,
37,ST22341,SP-2341,CATERPILLAR,9M2341,
37,ST22341,SP-2341,FLEETGUARD,FF234,
37,ST22341,SP-2341,DONALDSON,P552341,
37,ST22342,SP-2342,CATERPILLAR,9M2342,
37,ST23004,,CATERPILLAR,8N9803,
37,ST23004,,FLEETGUARD,FS1205,
37,ST23004,,DONALDSON,P559803,
37,ST23005,CX3005,RENAULTTRUCK,7420998349,
37,ST23005,CX3005,FLEETGUARD,FS19920,
37,ST23111,CX33111,BENZ,A0004774715,
37,ST23111,CX33111,FLEETGUARD,FF146,
37,ST23111,CX33111,DONALDSON,P550060,
37,ST23112,CX33112,BENZ,A3554700192,
37,ST23112,CX33112,FLEETGUARD,FF147,
37,ST23112,CX33112,DONALDSON,P550861,
37,ST23113,CX33113,BENZ,A4220920005,
37,ST23113,CX33113,FLEETGUARD,FF5054,
37,ST23113,CX33113,DONALDSON,P550349,
37,ST23116,CX33116,BENZ,1457431158,
37,ST23116,CX33116,FLEETGUARD,FF4141,
37,ST23116,CX33116,DONALDSON,P550860,
37,ST23200,CX3200,DEUTZ,01174423,
37,ST23200,CX3200,FLEETGUARD,FF5018,
37,ST23200,CX3200,DONALDSON,P553004,
37,ST23226,CX3226,NISSAN,16403-59E00,
37,ST23226,CX3226,FLEETGUARD,FF5307,
37,ST23226,CX3226,DONALDSON,P551351,
38,ST23317,CX3.317,MITSUBISHI,ME006066,
38,ST23317,CX3.317,FLEETGUARD,FF5087,
38,ST23317,CX3.317,DONALDSON,P550048,
38,ST23326,CX3326,KIA,K71E-23-570,
38,ST23841,CX3841,KOMATSU,600-311-3841,
38,ST23841,CX3841,DONALDSON,P502480,
38,ST23919,CX3DN919,PEUGEOT,19064,
38,ST24001A,ZX4001,,26561117,
38,ST24002A,ZX4002,,26560017,
38,ST24422,CX4422,DEUTZ,01174422,
38,ST24422,CX4422,FLEETGUARD,FF231,
38,ST24422,CX4422,DONALDSON,P554620,
38,ST25030,CX15030,,ASSY,
38,ST25112,CX5112,BOSCH,1457434153,
38,ST25112,CX5112,FLEETGUARD,FF5112,
38,ST26602,CX6602,MASSEY-FERGUSW,1896287M91,
38,ST26602,CX6602,PERKINS,26566602,
38,ST26602,CX6602,FLEETGUARD,FF4052A,
38,ST26602,CX6602,DONALDSON,P556287  CAV7111796,
38,ST26003,CXH60WKO3,DEUTZ,H60WK03,
38,ST26003,CXH60WKO3,FLEETGUARD,FF5074,
38,ST26112,,,150-1105020A               FS19686,
38,ST27012,CX7012,KOMATSU,600-311-8222,
38,ST27012,CX7012,FLEETGUARD,FF5304,
38,ST27012,CX7012,DONALDSON,P550410,
38,ST27033,CX7033,,23401-1290   104*74/15.5,
38,ST27033,CX7033,,UH07-07柴油                   UH083柴油,
39,ST27036,JX7036,YANMAR,41650-501140,
39,ST27036,JX7036,FLEETGUARD,FF5415,
39,ST27036,JX7036,DONALDSON,P502357,
39,ST27051,CX7051,FLEETGUARD,600-311-210                 FF5432,
39,ST27051,CX7051,DONALDSON,P550385,
39,ST27112,CX7112,,23303-64010  186100-0653,
39,ST27112,CX7112,FLEETGUARD,FF5159,
39,ST27112,CX7112,DONALDSON,P550385,
39,ST27116,CX7116,,25011024,
39,ST27116,CX7116,FLEETGUARD,FF5036,
39,ST27116,CX7116,DONALDSON,P550958,
39,ST27120,CX7120,MEITSUBISHI,ME006066,
39,ST27120,CX7120,FLEETGUARD,FF5087,
39,ST27120,CX7120,DONALDSON,P550048,
39,ST27121,CX7121,PEUGEOT,19064                        DN919,
39,ST27122,CX7122,HYUNDAL,31973-44001,
39,ST27122,CX7122,FLEETGUARD,FF5160,
39,ST27122,CX7122,DONALDSON,P502158,
39,ST27883,CX7883,BALDWIN,BF7613,
39,ST27883,CX7883,FLEETGUARD,FF5311,
39,ST27883,CX7883,DONALDSON,P556916,
39,ST27885,CX7885,PARKER,R90MER-01,
39,ST27885,CX7885,FLEETGUARD,FS19914,
39,ST27885,CX7885,DONALDSON,P551026,
39,ST28003,CX8003,FLEETGUARD,FS1003,
39,ST28003,CX8003,DONALDSON,P551103,
39,ST28040,CX8040,FLEETGUARD,FS1040,
39,ST28040,CX8040,DONALDSON,31018721-1                 P551047,
39,ST28061,CX8061,KOMATSU,600-311-3620/600-319-3610,
39,ST28061,CX8061,FLEETGUARD,FS1242,
39,ST28061,CX8061,DONALDSON,P555001,
39,ST28061A,CX8061带总成,CUMMINS,3355903,
39,ST28061A,CX8061带总成,FLEETGUARD,FS1242K,
39,ST28061A,CX8061带总成,DONALDSON,P555001,
39,ST28061C,CX8061B带杯,CUMMINS,3355903,
39,ST28061C,CX8061B带杯,FLEETGUARD,FS1242B,
39,ST28061C,CX8061B带杯,DONALDSON,P555001,
40,ST28135,CX8135,V.A.G,68127177,
40,ST28135,CX8135,FLEETGUARD,FF5135,
40,ST28135,CX8135,DONALDSON,P550588,
40,ST28240,CX8240,CUMMINS,3831871S,
40,ST28240,CX8240,FLEETGUARD,FS1240,
40,ST28240,CX8240,DONALDSON,P502516,
40,ST28240C,CX8240B带杯,CUMMINS,3831871S,
40,ST28240C,CX8240B带杯,FLEETGUARD,FS1240,
40,ST28251,CX8251,FLEETGUARD,FS1251,
40,ST28251,CX8251,DONALDSON,P550248,
40,ST28321,CX8321,KOMATSU,600-311-8321,
40,ST28321,CX8321,FLEETGUARD,FF5578,
40,ST28321,CX8321,DONALDSON,P550105,
40,ST28373,CX8373,CATERPILLAR,129-0373,
40,ST28373,CX8373,FLEETGUARD,FS19590,
40,ST28373,CX8373,DONALDSON,P551746,
40,ST28373C,CX8373带杯,CATERPILLAR,129-0373,
40,ST28373C,CX8373带杯,FLEETGUARD,FS19590,
40,ST28373C,CX8373带杯,DONALDSON,P551746,
40,ST28585,SP-8585,YANMAR,129100-55650,
40,ST28585,SP-8585,HITACHI,4635839,
40,ST28585,SP-8585,HITACHI,4366704,
40,ST28668,CX8668,VOLVO,11110668,
40,ST28668,CX8668,FLEETGUARD,FS19753,
40,ST28668,CX8668,DONALDSON,P551026,
40,ST28724,SP-8724,CATERPILLAR,1R-0724  4H8792,
40,ST28724,SP-8724,FLEETGUARD,FF116,
40,ST28724,SP-8724,DONALDSON,P558792,
40,ST28756,SP-8756,CATERPILLAR,1R-0756,
40,ST28756,SP-8756,FLEETGUARD,FF5323,
40,ST28756,SP-8756,DONALDSON,P551317,
40,ST28766,ST-8766,CATERPILLAR,1R0766,
40,ST28766,ST-8766,FLEETGUARD,FF5251,
40,ST28771,CX8771,CATERPILLAR,1R0771,
40,ST28771,CX8771,FLEETGUARD,FS19995,
40,ST28771,CX8771,DONALDSON,P550626,
40,ST28771C,CX8771B带杯,CATERPILLAR,1R0771,
40,ST28771C,CX8771B带杯,FLEETGUARD,FS19995,
40,ST28771C,CX8771B带杯,DONALDSON,P550626,
41,ST28843,CX8843,PERKINS,2656F843,CAT910H
41,ST28843,CX8843,CATERPILLAR,299-8229,
41,ST28844,CX8844,GMC,2656F844,
41,ST28853,CX8853,PERKINS,2656F853,
41,ST28853,CX8853,CATERPILLAR,271-5076 308-7293,
41,ST28855C,CX8855,PERKINS,2656F855,
41,ST29030,SP-9030,,01030小松,
41,ST29030,SP-9030,,81.12503-0086,
41,ST29031,SP-9031,,,
41,ST29032,SP-9032,,01830,
41,ST29034,SP-9034,,,
41,ST29121,CX9121,KOMATSU,600-311-9121,
41,ST29121,CX9121,FLEETGUARD,FF5076/ FF232,
41,ST29121,CX9121,MITSUBISHI,P557440,
41,ST29163A,SP9163A,,4132A016    26560163ASSY,
41,ST29201A,SP9201A,,4132A014/4132A018   26560201ASSY,
41,ST29731A,CX9731,KOMATSU,600-311-9731,
41,ST21014,CX014,,51.12503-0063,
42,ST21015,CX015,,20998805,
42,ST21016,CX016,,E52KP D36                PU10461/1,
42,ST21017,CX017,,E412KP02D55              0425.8970,
42,ST21018,,,PU855X,
42,ST21019,,,FF5405,
43,ST30001,,,,
43,ST30002,,,RD431-62122,
43,ST30003,,,,
43,ST30004,,,,
43,ST30005,,,,
43,ST30006,,,,
43,ST30007,,,,
43,ST30008,,,,
43,ST30009,,,,
43,ST30010,,,885-0505501,
43,ST30011,,,,
43,ST30012,,,,
43,ST30013,,,,
43,ST30014,,,,
44,ST30015,,,,
44,ST30016,,,,
44,ST30017,,,,
44,ST30018,,,RD451-62120 SH 60913,
44,ST30019,,,,
44,ST30020,,,,
44,ST30021,,,,
44,ST30022,,,,
44,ST30023,,,,
44,ST30024,,,,
44,ST30025,,,,
44,ST30026,,,,
44,ST30027,,,,
44,ST30028,,,,
45,ST30029,,,,
45,ST30030,,,,
45,ST30031,,,,
45,ST30032,,,,
45,ST30033,,,,
45,ST30034,,,266-7796 HF35540,"312E L 312D, 319D L 319D LN 315D L 313D, 318E L 319D 312D L 316E L 318D L 312E"
45,ST30035,,,,
45,ST30036,,,,
45,ST30037,,,4294132                        H-2717,
45,ST30038,,,60304800004,
45,ST30039,,,398-7171,
45,ST30040,,,4120002101001,
45,ST30041,,,6900/0056,
45,ST30042,,,32/925346,
46,ST30043,,,P171818,
46,ST30044,,,42Y-60-H5080,
46,ST30045,,,SY420,
46,ST30046,,,徐挖210,
46,ST30047,,,力士德330 360,
46,ST30048,,,威克特323,
46,ST30049,,,SK380,
46,ST30050,,,HF28894                  75911603,
46,ST30051,,,362-1163 SH66279  HY90815 305E 306E 308E,
46,ST30052,,,GC208 238/Y221-78A-040000,
46,ST30053,,,SWE150,
46,ST30054,,,久保田15,
46,ST30055,,,2P5834/PT8350,
46,ST30056,,,P164172,
47,ST30057K,,,14X-60-31150,
47,ST30057J,,,5421274                   1275949,
47,ST30058,,,,
47,ST30059,,,377-5270,
47,ST30060,,,348-1681,
47,ST30061,,,DX70,
47,ST30062,,,DX70,
47,ST30063,,,60200365                      PO-CO-01-01430,
47,ST30064,,,5618166,
47,ST30065,,,400504-00225 40054-00034,
47,ST30066,,,EF-172B-S                    895-0505400,
47,ST30067,,,53C0515                       926E,
47,ST30068,,,YN52V01025R100,
47,ST30069,,,348-1862,
48,ST30070,,,175-49-11221,
48,ST30071,,,14569658,
48,ST30072,,,400504-00035,
48,ST30073,,,AGB22                         FR60,
48,ST30074,,,H40-7,
48,ST30075,,,2941/2942/2943/3724/4572,
48,ST30076,,,HF6350,
48,ST30077,,,9T6636,
48,ST30078,,,126-1816,
48,ST30079,,,126-1818 P173689 P179343 HF35305,
48,ST30080,,,207-5035                   P179963,
48,ST30081,,,4202505                    P174675                    1238189,
48,ST30082,,,P164172,
48,ST30083,,,42N-62-15470,
49,ST30084,,,HY9592/2                   1046931                    PT9430-MPG,
49,ST30085,,,167-2009/P550924,
49,ST30086,,,249-2237                   P164207,
49,ST30087,,,E35403781M1,
49,ST30088,,,9G6420                      493144,
49,ST30089,,,344-0004,
49,ST30090,,,32/925100,
49,ST30091,,,RC461-62150/1,
49,ST30092,,,国机225-9,
49,ST30093,,,65B0028                   DM101P10,
49,ST30094,,,346271-31110,
49,ST30095,,,C6370647,
49,ST30096,,,52263209                  52263183,
49,ST30097,,,801-0521102,
50,ST30098,,,22L-60-22120               H56530,
50,ST30099,,,389-1079,
50,ST30100,,,HHK70-14070                 K7561-1407,
50,ST30101,,,SH60560                 SAMPLE6018,
50,ST30102,,,H-5520                         265-8676,
50,ST30103,,,109-3321                       C-85140,
50,ST30104,,,SH60572,
50,ST30105,,,XE150B,
50,ST30106,,,D802.374.03                    EF-466-100,
50,ST30107,,,V2.1217-08-M,
50,ST30108,,,ZE205E                      ZE230E,
50,ST30109,,,7373877,
50,ST30110,,,SWLX-450-10-A          730403010028,
50,ST30111,,,SDLG85,
51,ST30112,,,沃德210,
51,ST30113,,,1368221              0015D010BN4HC,
51,ST30114,,,379-9692,
51,ST30255,,,ZD11G20000 YN52V01011P1,
51,ST30490,,,HF7935/P502382,
51,ST30628,,,HF28850/P556005 31E9-0126,
51,ST30724,,,机械用液压滤芯              SPECIFICATION:             180*93*61/48,
51,ST30725,,,吊车用液压滤芯 A  400*143*103                 B 168*83*41                        C 75*58*28/7,
51,ST30731,,,680513666-1,
51,ST30732,,,C45702411/HF35018/P551348,
51,ST30771,,,4I3948/HF28938/P170480,
51,ST30781,,,093-7521/HF35018/P551378,
51,ST30782,,,5I8670/HF35519 418-18-34160 P502622,
51,ST30792,,,4T6788/HF6710/P550388,
52,ST30800,,,KHJ1400               152*167*21/0,
52,ST30800L,,,KHJ0738               240*167*15/12,
52,ST30800S,,,KHJ0996  E04 6AA6911                150*118*13,
52,ST30801,,,689-35700021  689-37310012,
52,ST30802,,,689-38210012/HF6305,
52,ST30803,,,4159319  4227353/HF7921/P173207,
52,ST30804,,,07063-01142/HF6356/P551142,
52,ST30805,,,205-60-51430/4206705/ 07063-01210  07063-05210 /HF7953,
52,ST30806,,,P551347 HF35456 997352 966431 PT8341 E8570011 SH60027,E8570011/E200E E320B
52,ST30807,,,689-33601001/4207841  4370435/HF7954/EX200,
52,ST30808,,,175-49-11580 175-49-02414/HF6072 D75S-3 PC120-3,
52,ST30812,,,07063-01054  154-60-12170/HF6354 PC60-5/6 D75S-2,
52,ST30813,,,HF28836/4294135 P550576 1030-61460,
52,ST30814,,,198-49-11440/HF35005P550083 SH120 S265 SH100KS-H120/SH100/KS-H120,
53,ST30816,,,HF7922/2474Y1003A,
53,ST30820,,,07063-01100  175-60-27380/175-60-27380/HF6101,
53,ST30822,,,424-16-11140/385-10100021,
53,ST30823,,,9M9740,
53,ST30824,,,KSJ199 SH300 MS450-5,
53,ST30825,,,,
53,ST30826,,,4225846,
53,ST30828,,,,
53,ST30829,,,SH60/SH75,
53,ST30833,,,126-2081/HF35195 179-9806 P550577 P571271 FY5209,
53,ST30834,,,144-60-11160/16Y-60-130006213/P551160,
53,ST30836,,,130-60-48210/HF6196/P550082,
53,ST30840,,,AF6098/4J6064,
53,ST30844,,,075-511306/SK120 24046Z18,
54,ST30846,,,SK70,
54,ST30849,,,31E3-0212  R200LC R280LC                    R290/350现代210-5,
54,ST30852,,,HF6547/126-1817 134-3104/LF6588/P176567,
54,ST30853,,,4656602 / 4656605 / 4656608,
54,ST30854,,,SK120-5,
54,ST30855,,,4448402  4443773/FHF7691/EX200-HHE EX220-HHE,
54,ST30856,,,4448401,
54,ST30859,,,1214275H4/HF6836/P550320,
54,ST30860,,,207-60-71181 20Y-60-56280 207-60-71182/HF35360 207-60-7183,
54,ST30860B,,,207-60-71182/3,
54,ST30865,,,207-60-71122/3,
54,ST30866,,,25010643/HF6243/P550223,
54,ST30867,,,HF6177/P171613 P550148,
54,ST30870,,,HF6205/P557624,
55,ST30872,,,31EE-01060/R55 R60 R800W3,
55,ST30873,,,3502410/P502170,
55,ST30879,,,PC50先导格  specification            36*41*24.5,
55,ST30890,,,21W-60-41121,
55,ST30891,,,07063-11406,
55,ST30893,,,31E9-1019/R290LC,
55,ST30897,,,4H-8792 9H4729/FF116/P558792,
55,ST30898,,,8231101804 P175120,
55,ST30901,,,4333469/07063-01383/HF28910,
55,ST30902,,,,
55,ST30906,,,2474-1001,
55,ST30920,,,130-3212/HF35381  HF35453/P173702,
55,ST30926,,,6635177  KS0702,
55,ST31003,,,2474-1003A/P502170,
56,ST31005,,,418-18-34161,
56,ST31006,,,HHIA05900,
56,ST31010,,,3515328M92/HF6557,
56,ST31011,,,581/8063/HF35193,
56,ST31016,,,AT144879,
56,ST31017,,,0750131056/HF6316,
56,ST31140,,,424-16-11140/HF35255/P550084,
56,ST31290,,,281-16-11290/HF6084/P551290,
56,ST31322,,,23S-49-13122,
56,ST31344,,,119-4740/HF35467/P550486,
56,ST31357,,,82005016/HF28885,
56,ST31813,,,400504-00241,
56,ST31814,,,400504-00240,
56,ST31816,,,4J0816/HF6201/P550816,
57,ST32343,,,日立55先导格,
57,ST32344,,,A222100000119,
57,ST32914,,,4402914,
57,ST33853,,,,
57,ST33875,,,3S-3875/P502178,
57,ST35303,,,TXW8A-10-B/HF28803  1014010049 QA-B5303       80-004K,
57,ST35461,,,9J-5461  9J0750/HF6202/P555461,
57,ST36064,,,4J6064/HF6098/P556064,
57,ST38001,,,MI三菱 58873-12200,
57,ST38002,,,ZAX液压格,
57,ST38003,,,3DXNIM,
57,ST38004,,,WY20.YLX-192  柳工：53C0066,
57,ST38007,,,R210LC-9  R250NLC-7 31Q6-20340 HF35555 P165136 HF30707,R210LC-9  R250NLC-7
57,ST38008,,,R210LC-9  R250NLC-7,
58,ST38010,,,神钢超8  日立470,
58,ST38011,,,HF7071/81558479,
58,ST38012,,,SP255双高,
58,ST38013,,,172187-73730,
58,ST38014,,,172175-73710,
58,ST38015,,,SK75 YR52V01001R100 YR52V01004R300,
58,ST38016,,,243-3758,
58,ST38017,,,EF-1828,
58,ST38018,,,YZXB-11B-DF,
58,ST38019,,,TLX369M110,
58,ST38020,,,TLX368C,
58,ST38021,,,FE025FD1,
58,ST38022,,,玉柴先导格,
58,ST38023,,,山河智能先导格,
59,ST38024,,,4413FS 久保田铜网50,
59,ST38025,,,久保田50.60,
59,ST38026,,,久保田铜网,
59,ST38027,,,,
59,ST38028,,,H20211,
59,ST38029,,,SP860 20Y-60-31140 201-60-62140,
59,ST38030,,,60082693,
59,ST38031,,,山河智能70N9,
59,ST38032,,,16Y-76-09200,
59,ST38033,,,16Y-15-07000,
59,ST38034,,,195-13-13420,
59,ST38035,,,411-60-04000,
59,ST38036,,,411-60-02000,
59,ST38037,,,3EB-15-51600,
60,ST38038,,,福田80,
60,ST38039,,,CKT220CD1,
60,ST38040,,,,
60,ST38041,,,11707544,
60,ST38042,,,4358407,
60,ST38043,,,2474-9042S,
60,ST38044,,,龙工先导   力士德220/230,
60,ST38045,,,0.9011.428.2,
60,ST38046,,,LN3307250M91,
60,ST38047,,,厦工XGMA 806,
60,ST38048,,,,
60,ST38049,,,,
60,ST38055,,,4206705/205-60-51210,
60,ST38056,,,,
61,ST38057,,,,
61,ST38058,,,04411047,
61,ST38061,,,,
61,ST38062,,,53C0055 FY5212,
61,ST38063,,,,
61,ST38064,,,,
61,ST38065,,,,
61,ST38066,,,,
61,ST38067,,,,
61,ST38068,,,209-60-11532/209-60-77532,
61,ST38069,,,172141-73760/311781-31140,
61,ST38070,,,21U-60-32210 KH176,
61,ST38071,,,P166135/HC8900FKN16Z,
61,ST38072,,,HF35354/4067977,
62,ST38073,,,TXX8C10/HF6311,
62,ST38074,,,121-10-13310,
62,ST38075,,,285-62-17320,
62,ST38076,,,4358407,
62,ST38077,,,C6370647,
62,ST38712,,,714-07-28712,
62,ST38713,,,714-07-28713,
62,ST38714,,,1R-0741  4J6064/HF6098/P556064,
62,ST38719,,,1R-0719  9M9740/HF6097/P559740,
62,ST38722,,,1R-0722  P555461 P164241 9J0750 HF6344 H5506 HF6202 ST35461 9J5461 1R0774 1R0722 1R-0722 SH56252 ML1014 1R-0774,
62,ST38728,,,1R-0728  4J0816/HF6201,
62,ST38732,,,1R-0732/HF6083,
62,ST38735,,,1R-0735  4T0522/HF6376/P530523,
62,ST38746,,,1R-0746/HF28900/P551753,
63,ST38773,,,1R0773,
63,ST38774,,,1R0774,
63,ST38809,,,1R1809/HF35480 328-3655,
63,ST38878,,,HF6553 HF28940 341-6643 HF6555/P164378/N9025 1G-8878,
63,ST39025,,,N9025/HF6555/P163322,
63,ST39026,,,254686A2  HF35150,
63,ST39027,,,P164381   HF65552,
63,ST39525,,,4630525,
63,ST39740,,,9M97400/HF6097/P559740,
63,ST39740,,,"SFH2205 1103452C2
1103462C1 3I0527
P162205",
64,ST40001A,,,AF25270/1109N020,
64,ST40001B,,,AF25271/1109N030,
64,ST40002A,,,KX2640-2000/612600110540A,
64,ST40002B,,,KX2640-3000/612600110540B,
64,ST40003A,,,AF25382/5010230916,
64,ST40003B,,,AF25439/5010269584,
64,ST40004A,,,AF25333/5010230841,
64,ST40004B,,,AF25643/5010317187,
64,ST40005,,,AF25427/30949104,
64,ST40006,,,AF25428/30949204,
64,ST40007,,,AF25066/395773,
64,ST40008,,,PPM85067/,
64,ST40009A,,,1387549/AF25614,
64,ST40010,,,1335679/AF25314,
65,ST40011,,,RS5458/87782,
65,ST40012,,,AF27911/211-2661,
65,ST40013,,,AF4886/4W6691,
65,ST40014A,,,AF25264/81083040083,
65,ST40014B,,,AF25615/81083040084,
65,ST40015A,,,日本小挖新款,
65,ST40015B,,,日本小挖新款,
65,ST40016A,,,柳工225/龙工6225/力士德230,
65,ST40016B,,,,
65,ST40017A,,,4N0326/AF921M,
65,ST40017B,,,4N0313/AF26399,
65,ST40018A,,,245-6375/AF26399,
65,ST40018B,,,245-6376/AF26400,
65,ST40019A,,,C15300/AF26391,
66,ST40019B,,,87782/CF300/AF26392,
66,ST40020A,,,AF26124,
66,ST40020B,,,AF26125,
66,ST40021A,,,4642122,
66,ST40021B,,,4642117,
66,ST40022A,,,15028-911217,
66,ST40022B,,,15028-911214,
66,ST40023,,,8N5504,
66,ST40024A,,,17801-54180,
66,ST40025A,,,AF25276/1109N12-020,
66,ST40025B,,,AF25277/1109N12-030,
66,ST40026,,,108-0671,
66,ST40027,,,4L9851,
66,ST40028A,,,AF26433/A1028-020,
67,ST40028B,,,AF26434/A1028-030,
67,ST40029A,,,C21600/457-8206,
67,ST40029B,,,CF1280/447-0761,
67,ST40030A,,,P759103,
67,ST40030B,,,P759104,
67,ST40031A,,,X009687/P500945,
67,ST40031B,,,P500946,
67,ST40032A,,,35 P621879 TC020-16320 T0270-16321 RS4803 SA16322 AF26250,
67,ST40032B,,,35 PW11P01038P1 PW02P00010-A3,
67,ST40033A,,,久保田15,
67,ST40033B,,,久保田15,
67,ST40034A,,,A753-020,
67,ST40034B,,,,
67,ST40035A,,,AF26120,
68,ST40035B,,,AF26121/AF26120,
68,ST40036A,,,600-181-9300/600-181-9301,
68,ST40037A,,,6110-80-7300/3I-0869/600-300-110,
68,ST40037B,,,3I-0441/600-3000-120,
68,ST40038A,,,17801-0C010,
68,ST40039A,,,453-5509,
68,ST40039B,,,471-6955,
68,ST40040,,,11707077,
68,ST40041A,,,SK210-10 YN11P00072S006/S007,
68,ST40041B,,,SK210-10,
68,ST40042A,,,C14200/AF26389,
68,ST40042B,,,CF200/AF26390,
68,ST40043A,,,SSA3161,
68,ST40043B,,,SSA3162,
69,ST40044A,,,AF26557,
69,ST40044B,,,AF26558,
69,ST40045A,,,KW2139/310-1109021-937,
69,ST40045B,,,,
69,ST40046A,,,AF4553M/3I-0193,
69,ST40046B,,,AF4544M/3I-0192,
69,ST40047A,,,3111188141/X770691,
69,ST40047B,,,3222188144,
69,ST40048A,,,3222188131/X770689,
69,ST40048B,,,3222188134/P778637,
69,ST40049A,,,1029388/AF25281,
69,ST40049B,,,1029387/AF25282,
69,ST40050A,,,P827655/AF25337,
69,ST40051A,,,1-14215203-0/A-6014,
70,ST40051B,,,1-14215217-0/A-6019,
70,ST40052A,,,1491912/AF26492,
70,ST40053A,,,P611859,
70,ST40054A,,,P611858,
70,ST40054B,,,,
70,ST40055A,,,84191182/P622091,
70,ST40056,,,AF26154/P548070/CA4700,
70,ST40057,,,P602357/226-2779,
70,ST40058,,,2089065  SEV551H/4  10000-12122,
70,ST40058A,,,CA5368/P607965/AF26424,
70,ST40059,,,2525001/AF1010/PA3072,
70,ST40060,,,2526002/AF1009/CA30071,
70,ST40061,,,CP25001/ME422880/ML242294,
70,ST40062,,,87720898/P608675/49675,
71,ST40063,,,87727656/RE196945/P631391,
71,ST40064,,,21830-7S100,
71,ST40065,,,18-3045/CP26295/131210/C26270,
71,ST40066,,,28130-7W100,
71,ST40067,,,P609086,
71,ST40068,,,5261252/AF55309,
71,ST40069,,,5261250/AF55015,
71,ST40071A,,,2515886/1W3637/581-021-2120,
71,ST40071B,,,581-021-2130,
71,ST40072A,,,2515885/9Y6835/6945659,
71,ST40072B,,,9Y7663/6945658,
71,ST40073A,,,AF26080/2868642,
71,ST40073B,,,AF26079/2868461,
71,ST40074B,,,1N4864/35298116,
72,ST40075A,,,2V0036                               2V36,
72,ST40076A,,,6I1450                          D141107,
72,ST40077B,,,230778C1                     8N5006,
72,ST40078A,,,458834,
72,ST40079A,,,243009                           9L2169,
72,ST40080,,,9Y5011                          P53382,
72,ST40081B,,,6N6072                      4206273,
72,ST40082A,,,132-7168                         P533882,
72,ST40083A,,,4S8833                           RA1816,
72,ST40084A,,,4S8337                           P181114,
72,ST40085A,,,3I2013                           RE34962,
72,ST40086A,,,1651689                          P606220,
72,ST40087B,,,7W9567,
72,ST40088A,,,98912515                          PA639,
73,ST40089A,,,2S5648                      7M2654                    70620717,
73,ST40090B,,,P609518                          2777838,
73,ST40091A,,,7Y1196                       P127308,
73,ST40092A,,,RA2498                      6P6664,
73,ST40093B,,,4S8340                         P158668,
73,ST40094A,,,8M3119                       P113720,
73,ST40095A,,,1006846                       1930603,
73,ST40096A,,,FR5331,
73,ST40097,,,7X6041,
73,ST40098,,,P528708                       AF27819 111772907,
73,ST40099,,,400504-00217                  K1029257,
73,ST40100,,,31EH-00480                     AF27917,
73,ST40101A,,,AF26395                         C20500,
73,ST40101B,,,AF26396                       CF500,
74,ST40105,,,20942404                           AF1812                    P771582,
74,ST40108A,,,AF26397                          C23610,
74,ST40108B,,,AF26398,
74,ST40109,,,1613740700             2901043100                AF26393,
74,ST40110,,,321925682/P608533,
74,ST40111,,,321925683/P600975,
74,ST40112,,,2277448                   P608766                    2934053,
74,ST40113,,,2277449                          P785965,
74,ST40114,,,P608666                         3045632,
74,ST40115,,,P601560                         3045633,
74,ST40116,,,P606119,
74,ST40117,,,P606121,
74,ST40118,,,P608675,
74,ST40119,,,346-6687,
75,ST40120,,,346-6688,
75,ST40121,,,P604273,
75,ST40122,,,P844492,
75,ST40123,,,SA-K8638,
75,ST40131A,,,AF25557 AF25352 P828889       600-185-2100 131-8902,
75,ST40131B,,,AF25558                         P829333,
75,ST40132A,,,,
75,ST40132B,,,,
75,ST40133,,,26510337                   P827653                    P772579,
,ST40140,,,479-8989 479-8991,
,ST40155AB,,,1A8240-05110 1A824,65-122-250
75,ST40200A,,,SY200                       9103-0432922,
75,ST40200B,,,SY200,
75,ST40201A,,,AF25268                    1109.6B-202.B,
75,ST40201B,,,AF25269                    1109.6B-030-B,
75,ST40202A,,,P600090 P611190,
76,ST40202B,,,P611189,
76,ST40203A,,,500*270*175*230,
76,ST40203B,,,475*160*190*140,
76,ST40225A,,,AF4058                        P181088,
76,ST40225B,,,,
76,ST40298,,,366-06227                       AF1852,
76,ST40299,,,AF25530                       366-07188,
76,ST40300,,,AAF25332                       601-31350,
76,ST40300A,,,2474-9051                       AF26439,
76,ST40300B,,,4331922,
76,ST40301,,,AF1869 P150135 4N0015,
76,ST40302A,,,AF25125M P5320501 6I-2501,
76,ST40302B,,,AF25126M P532502 6I-2502,
76,ST40303A,,,AF25135M P532505 6I-2505,
77,ST40303B,,,AF25136M P532506 6I-2506,
77,ST40307,,,255*137*173*72,
77,ST40309A,,,1109QF16-020,
77,ST40309B,,FLEETGUARD,AF26506,
77,ST40309B,,,1109QF16-030,
77,ST40338,,FLEETGUARD,AF338  2S1286,
77,ST40351,,FLEETGUARD,AF351KM,
77,ST40351,,DONALDSON,P181000,
77,ST40503A,,FLEETGUARD,AF4067,
77,ST40503A,,DONALDSON,P140131 C13114/4,
77,ST40503B,,DONALDSON,AF4521,
77,ST40503B,,KOMATSU,P777523 CF600,
77,ST40504A,,,11N8Z214,
77,ST40504A,,,R305LC-7,
77,ST40504B,,,R305LC-7,
77,ST40505A,,FLEETGUARD,AF1862M/600-182-3100（A+B),
77,ST40505A,,DONALDSON,P811300,600-181-1600   ST505AB
77,ST40505B,,FLEETGUARD,AF1863M,
77,ST40505B,,DONALDSON,P526432,
77,ST40506A,,FLEETGUARD,AF975M/7Y1323,
77,ST40506A,,DONALDSON,P182082,
77,ST40506B,,FLEETGUARD,AF976/7Y1322,
77,ST40506B,,DONALDSON,P124047,
78,ST40507,,FLEETGUARD,AF25631,
78,ST40507,,DONALDSON,8149064,
78,ST40507-1,,FLEETGUARD,AF25632,
78,ST40507-1,,DONALDSON,8149961,
78,ST40508A,,FLEETGUARD,AF25065,
78,ST40508A,,DONALDSON,P771508,
78,ST40508B,,FLEETGUARD,AF1841,
78,ST40508B,,DONALDSON,P776696,
78,ST40509A,,FLEETGUARD,AF25064,
78,ST40509A,,DONALDSON,P771561,
78,ST40509B,,FLEETGUARD,AF1840,
78,ST40509B,,DONALDSON,P776695,
78,ST40510A,,FLEETGUARD,AF4060,
78,ST40510A,,DONALDSON,P181137,
78,ST40510B,,FLEETGUARD,AF1943,
78,ST40510B,,DONALDSON,P776697,
78,ST40511A,,FLEETGUARD,AF25769 AF26401 C30810,
78,ST40511B,,FLEETGUARD,AF26402,
78,ST40511B,,DONALDSON,2914501800,
78,ST40512A,,FLEETGUARD,AF1802,
78,ST40512A,,DONALDSON,P771558,
78,ST40512B,,FLEETGUARD,AF4523,
78,ST40512B,,DONALDSON,P77551,
78,ST40513A,,FLEETGUARD,AF25894,
78,ST40513A,,DONALDSON,C26980,
78,ST40513B,,FLEETGUARD,AF25896,
78,ST40513B,,DONALDSON,C1640,
79,ST40515A,,FLEETGUARD,AF25962,
79,ST40515A,,DONALDSON,P613334,
79,ST40515B,,FLEETGUARD,AF25963,
79,ST40515B,,DONALDSON,P613335,
79,ST40527A,,,365*200*205*10*104,
79,ST40527B,,,350*94*88,
79,ST40528,,FLEETGUARD,AF25139M,
79,ST40528,,DONALDSON,P527682,
79,ST40600A,,KOMATSU,"6127-81-7033 6128-81-7210 
6127-81-7311",
79,ST40600A,,FLEETGUARD,AF472,
79,ST40600A,,DONALDSON,P181002  P119372,
79,ST40600A,,ROLLS ROYCE,CV9685,
79,ST40600B,,KOMATSU,6127-81-7413  6128-81-7051(AB),
79,ST40600B,,FLEETGUARD,AF1791,
79,ST40600B,,DONALDSON,P145701,
79,ST40611A,,KOMATSU,600-181-6740(AB) 600-181-6820 600-181-6830,
79,ST40611A,,FLEETGUARD,AF4838,
79,ST40611A,,DONALDSON,P181191,
79,ST40611B,,MITSUBISHI,ME033839,
79,ST40611B,,FLEETGUARD,AF25894/600-181-6730,
79,ST40611B,,DONALDSON,P522452,
79,ST40612A,,KOMATSU,6115-81-7601(AB) 600-181-2300,600-182-2500 AB
79,ST40612A,,FLEETGUARD,AF1903M  AF4533,
79,ST40612A,,DONALDSON,P181139,
79,ST40612B,,KOMATSU,600-181-2350,
79,ST40612B,,FLEETGUARD,AF1902M  AF4532,
79,ST40612B,,DONALDSON,P159036,
79,ST40613A,,KOMATSU,600-181-6540/6550,600-181-6050 AB
79,ST40613A,,HITACHI,4129907,
79,ST40613A,,FLEETGUARD,AF4567,
79,ST40613A,,DONALDSON,R800103,
79,ST40613B,,KOMATSU,600-181-5650,
79,ST40613B,,FLEETGUARD,AF490M,
79,ST40613B,,DONALDSON,P119374,
79,ST40614A,,KOMATSU,6114-80-7101(AB) 600-181-2500/2450,
79,ST40614A,,FLEETGUARD,AF1962,
79,ST40614A,,DONALDSON,P522451,
80,ST40614B,,KOMATSU,600-181-2460/2461,
80,ST40614B,,FLEETGUARD,AF1963,
80,ST40614B,,DONALDSON,P522450,
80,ST40615A,,KOMATSU,600-181-8260/8300,
80,ST40615A,,FLEETGUARD,AF434KM,
80,ST40615A,,DONALDSON,P182064,
80,ST40615B,,FLEETGUARD,AF804M,
80,ST40615B,,DONALDSON,P119375,
80,ST40616A,,KOMATSU,600-181-3800/6125-81-7032(A+B),
80,ST40616A,,FLEETGUARD,AF424,
80,ST40616A,,DONALDSON,P182046,
80,ST40616B,,KOMATSU,600-181-4211/4230,
80,ST40616B,,FLEETGUARD,AF820M,
80,ST40616B,,DONALDSON,P119373,
80,ST40617A,,,16546-99016,
80,ST40618A,,ISUZU,1-1421511-0,
80,ST40618A,,FLEETGUARD,AF1768M/7Y0404,
80,ST40618A,,DONALDSON,P182080 7Y0403/7Y0404,
80,ST40618B,,ISUZU,14215145-0,
80,ST40618B,,FLEETGUARD,AF1767/7Y0403,
80,ST40618B,,DONALDSON,P127315,
80,ST40619A,,HITACHI,4286128 4286128,
80,ST40619A,,FLEETGUARD,AF25414,
80,ST40619A,,DONALDSON,P821938,
80,ST40619B,,HITACHI,4286130,
80,ST40619B,,FLEETGUARD,AF25412,
80,ST40619B,,DONALDSON,P821963,
80,ST40620A,,HITACHI,4286120 4283861,
80,ST40620A,,FLEETGUARD,AF25384,
80,ST40620A,,DONALDSON,P821883,
80,ST40620B,,HITACHI,4287060,
80,ST40620B,,FLEETGUARD,AF25413,
80,ST40620B,,DONALDSON,P821908,
80,ST40622A,,FLEETGUARD,AF4059k,
80,ST40622B,,FLEETGUARD,AF1680,
80,ST40622B,,DONALDSON,P112212,
81,ST40625A,,KOMATSU,600-181-7300,
81,ST40625A,,HITACHI,4233318,
81,ST40625A,,FLEETGUARD,AF437K,
81,ST40625A,,DONALDSON,P101222 P181052,
81,ST40626A,,KOMATSU,600-181-8600/2700AB,
81,ST40626A,,FLEETGUARD,AF1934M,
81,ST40626A,,DONALDSON,P182070,
81,ST40626A,,CASE,JS02P00001-3,
81,ST40626B,,FLEETGUARD,AF1935M,
81,ST40626B,,DONALDSON,P124046,
81,ST40627A,,FLEETGUARD,AF873M,
81,ST40627A,,DONALDSON,P181120,
81,ST40627A,,CATERPILLAR,7W5313 1P8483,
81,ST40627B,,CATERPILLAR,7N1308 1P8482,
81,ST40627B,,FLEETGUARD,AF874M,
81,ST40627B,,DONALDSON,P158675,
81,ST40628A,,HITACHI,4090408,
81,ST40628A,,FLEETGUARD,AF418,
81,ST40628A,,DONALDSON,P181034,
81,ST40628B,,HITACHI,4059818 4090409,
81,ST40628B,,FLEETGUARD,AF490M,
81,ST40628B,,DONALDSON,P119374,
81,ST40628B,,KOMATSU,6500-181-6560,
81,ST40629A,,CATERPILLAR,142-1339 11110022,
81,ST40629A,,FLEETGUARD,AF25437 11110023,
81,ST40629A,,DONALDSON,P777279 4288963 4288963,
81,ST40629B,,CATERPILLAR,142-1404,
81,ST40629B,,FLEETGUARD,AF25523,
81,ST40629B,,DONALDSON,P777414,
81,ST40630A,,CATERPILLAR,600-185-3110/600-185-3100(AB),
81,ST40630A,,FLEETGUARD,AF25492,
81,ST40630A,,DONALDSON,P777638,
81,ST40630A,,PERKINS,26510353,
81,ST40630A,,J.C.B,32912901,
81,ST40630B,,KOMATSU,600-185-3120,
81,ST40630B,,FLEETGUARD,AF25491,
81,ST40630B,,DONALDSON,P777639,
81,ST40630B,,PERKINS,26510354,
81,ST40631A,,FLEETGUARD,AF4739,
81,ST40631A,,OF,HD820 ME033717,
81,ST40631B,,FLEETGUARD,AF940K,
81,ST40631B,,DONALDSON,P526840,
81,ST40633A,,FLEETGUARD,AF25009,
81,ST40633A,,DONALDSON,P780385,
81,ST40633A,,HITACHI,4206098  4285619 / 4247974,
82,ST40633B,,FLEETGUARD,AF25008,
82,ST40633B,,DONALDSON,P543661,
82,ST40633B,,HITACHI,4247974,
82,ST40634A,,KOMATSU,600-181-9740,
82,ST40634A,,FLEETGUARD,AF25444,
82,ST40634A,,DONALDSON,P778337,600-181-9450  ST634AB
82,ST40634B,,DONALDSON,P778339,
82,ST40634B,,KOMATSU,600-181-9780,
82,ST40636A,,FLEETGUARD,AF336M,
82,ST40636A,,CATERPILLAR,7M9045,
82,ST40636B,,FLEETGUARD,AF4769,
82,ST40636B,,CATERPILLAR,8N6883,
82,ST40637A,,CATERPILLAR,7W5495 1P7716,
82,ST40637A,,FLEETGUARD,AF875M,
82,ST40637A,,DONALDSON,P181118 P158670,
82,ST40637B,,KOMATSU,7W7360 1P7360,
82,ST40637B,,FLEETGUARD,AF876M,
82,ST40637B,,DONALDSON,P158670,
82,ST40638A,,HYUNDAI,11NB-20120A                    AF26664,
82,ST40638B,,HYUNDAI,11NB-20130                   AF27843,
82,ST40639A,,CATERPILLAR,131-8822,
82,ST40639A,,FLEETGUARD,AF25589,
82,ST40639A,,DONALDSON,P536457,
82,ST40639B,,CATERPILLAR,131-8821,
82,ST40639B,,FLEETGUARD,AF25624,
82,ST40639B,,DONALDSON,P536492,
82,ST40640A,,KOMATSU,600-185-4110/600-185-4100(AB),11N6-27030
82,ST40640A,,FLEETGUARD,AF25667,
82,ST40640A,,DONALDSON,P532966,
82,ST40640B,,KOMATSU,600-185-4120,
82,ST40640B,,FLEETGUARD,AF26114,11N6-27040
82,ST40640B,,DONALDSON,P533781,
82,ST40642A,,KOBELCO,LP11P00004S002,
82,ST40642A,,FLEETGUARD,AF4748K,
82,ST40642A,,DONALDSON,P772550,
83,ST40642B,,FLEETGUARD,AF4103,
83,ST40642B,,DONALDSON,P119410,
83,ST40643A,,,308*153*220*17*87 6I-6434 P812800 2446U264S2,
83,ST40646A,,,23130-61002A 搅拌机,
83,ST40646B,,,23130-61002B 搅拌机,
83,ST40647A,,HYUMDAI,11EM-21041 11N6-24520,
83,ST40647A,,FLEETGUARD,AF26285K,
83,ST40647B,,HYUNDAI,11EM-25051,
83,ST40647B,,FLEETGUARD,AF26286,
83,ST40649A,,CATERPILLAR,6I2499,
83,ST40649A,,FLEETGUARD,AF25111M,
83,ST40649A,,DONALDSON,P532499,
83,ST40649B,,CATERPILLAR,6I2500,
83,ST40649B,,FLEETGUARD,AF25112M,
83,ST40649B,,DONALDSON,P532500,
83,ST40650A,,FLEETGUARD,AF4995K,
83,ST40650A,,DONALDSON,P526840,
83,ST40650B,,FLEETGUARD,AF4996,
83,ST40650B,,DONALDSON,P526839,
83,ST40651A,,FLEETGUARD,AF1735K,
83,ST40651A,,DONALDSON,P181063,
83,ST40651B,,FLEETGUARD,AF4150,
83,ST40651B,,DONALDSON,P119778,
83,ST40652A,,FLEETGUARD,AF4669,
83,ST40652A,,DONALDSON,P538453,
83,ST40652B,,DONALDSON,P538454,
84,ST40656A,,CATERPILLAR,7W5317 4M9334,
84,ST40656A,,FLEETGUARD,AF335M,
84,ST40656A,,DONALDSON,P181104,
84,ST40656B,,CATERPILLAR,9S9972,
84,ST40656B,,FLEETGUARD,AF959M,
84,ST40656B,,DONALDSON,P158669,
84,ST40657A,,CATERPILLAR,6I2507,
84,ST40657A,,FLEETGUARD,AF25288M,
84,ST40657A,,DONALDSON,P532507,
84,ST40657B,,CATERPILLAR,6I2508,
84,ST40657B,,FLEETGUARD,AF25289,
84,ST40657B,,DONALDSON,P532508,
84,ST40659A,,CATERPILLAR,6I2503,
84,ST40659A,,FLEETGUARD,AF25129,
84,ST40659A,,DONALDSON,P532503,
84,ST40659A,,KOMATSU,600-185-5110/ 600-185-5100(A+B),
84,ST40659B,,CATERPILLAR,6I2504,
84,ST40659B,,FLEETGUARD,AF25130M,
84,ST40659B,,DONALDSON,P532504,
84,ST40659B,,KOMATSU,600-185-5120,
84,ST40660A,,VOLVO,11110175,
84,ST40660A,,FLEETGUARD,AF25748,
84,ST40660A,,DONALDSON,P778905,
84,ST40660B,,VOLVO,11110175,
84,ST40660B,,FLEETGUARD,AF25749,
84,ST40660B,,DONALDSON,P778906,
84,ST40661A,,CATERPILLAR,6I0273 6I-2503/04,
84,ST40661A,,FLEETGUARD,AF25131M,
84,ST40661A,,DONALDSON,P532473,
84,ST40661B,,CATERPILLAR,6I0274,
84,ST40661B,,FLEETGUARD,AF25132M,
84,ST40661B,,DONALDSON,P532474,
84,ST40663A,,CATERPILLAR,8N6309,
84,ST40663A,,FLEETGUARD,AF4609M,
84,ST40663B,,CATERPILLAR,8N2556,
84,ST40663B,,FLEETGUARD,AF4874,
84,ST40665A,,CATERPILLAR,6I2509,
84,ST40665A,,FLEETGUARD,AF25137M,
84,ST40665A,,DONALDSON,P532509,
84,ST40665B,,CATERPILLAR,6I2510,
84,ST40665B,,FLEETGUARD,AF25138M,
84,ST40665B,,DONALDSON,P532510,
85,ST40666A,,CATERPILLAR,7M9045,
85,ST40666A,,FLEETGUARD,AF336M,
85,ST40666A,,DONALDSON,P181102,
85,ST40666B,,CATERPILLAR,2S1287,
85,ST40666B,,FLEETGUARD,AF340,
85,ST40667A,,FLEETGUARD,AF4391                      9103-0506142332,
85,ST40669AB,,,20405827,
85,ST40670A,,VOLVO,3827589,
85,ST40670A,,FLEETGUARD,AF26237,
85,ST40677A,,FLEETGUARD,AF25957 600-185-2500,
85,ST40677A,,KOMATSU,600-185-2510,
85,ST40677B,,FLEETGUARD,AF25618,
85,ST40678A,,,AF3153                    HDA5080                   ME060219,
85,ST40679A,,,1129111C1,
85,ST40684,,,AF977,
85,ST40685,,,AF978,
85,ST40700A,,HITACHI,4290940,U55
85,ST40700A,,FLEETGUARD,AF25436,
85,ST40700A,,DONALDSON,P822768,
85,ST40700B,,CATERPILLAR,1402337,
85,ST40700B,,FLEETGUARD,AF25497,
85,ST40700B,,DONALDSON,P822769,
85,ST40701A,,PERKINS,26510362,
85,ST40701A,,FLEETGUARD,AF25539,
85,ST40701A,,DONALDSON,P772578,
86,ST40701B,,FLEETGUARD,AF25434,
86,ST40702A,,FLEETGUARD,AF26659,
86,ST40702A,,PERKINS,135326205,
86,ST40703A,,PERKINS,135326206,
86,ST40703A,,FLEETGUARD,AF27867,
86,ST40704A,,FLEETGUARD,AF25526,
76,ST40704B,,FLEETGUARD,AF25484,
76,ST40704B,,DONALDSON,P775300,
76,ST40704B,,PERKINS,26510338,
86,ST40705A,,O.E.M. NO,26510380 233-5182,
86,ST40705A,,FLEETGUARD,AF27942 P633607,
86,ST40706A,,FLEETGUARD,AF25555 600-185-2200 600-185-2210 AF25588  P827653,
86,ST40706B,,FLEETGUARD,AF25556                          P829332,
86,ST40714,,,PC60-6 GD10,
86,ST40714,,,600-181-6340,
86,ST40714,,FLEETGUARD,AF25443,
86,ST40715,,FLEETGUARD,AF409K,
86,ST40715,,DONALDSON,P181054,
86,ST40715,,PERKINS,26510148 26510211,
86,ST40716,,,320*138*82                     叉车用空滤,
76,ST40718,,KOMATSU,YM12112012901,
76,ST40718,,FLEETGUARD,AF435KM 26510192,
76,ST40718,,DONALDSON,P181050 FS1600FJ,
86,ST40718-3,,FLEETGUARD,250*100*145*17*66,
86,ST40719,,KOMATSU,3EC0111630,
86,ST40719,,FLEETGUARD,AF4887KM BA2040012,
86,ST40719,,DONALDSON,P771592,
87,ST40720A,,SUMITOMO,600-181-7260,
87,ST40720A,,FLEETGUARD,AF4743K,
87,ST40720A,,DONALDSON,P181052                           P522449,
87,ST40720B,,FLEETGUARD,AF4744,
87,ST40720B,,DONALDSON,P500096,
87,ST40720B,,KOMATSU,600-181-7360,
87,ST40721,,,372-02-AF935,
87,ST40722A,,YANMAR,11980812520,
87,ST40722A,,FLEETGUARD,AF25551,
87,ST40722A,,DONALDSON,P821575 600-185-2120,
87,ST40722B,,FLEETGUARD,AF25552,
87,ST40722B,,DONALDSON,P822858,
87,ST40722B,,KOMATSU,12905112530 121465-12510 124066-12510 171022-12530 521520-12,
87,ST40726,,FLEETGUARD,AF1658K,
87,ST40726,,DONALDSON,P102745 P148113 P102745 P121240,
87,ST40727A,,HYUNDAI,11S1-20111,
87,ST40727A,,FLEETGUARD,AF25720K,
87,ST40727A,,DONALDSON,P776615,
87,ST40727B,,HYUNDAI,11S1-20111(B),
87,ST40727B,,FLEETGUARD,AF25741,
87,ST40727B,,DONALDSON,P776623,
87,ST40728,,FLEETGUARD,AF25538,
87,ST40728,,DONALDSON,P822686,
87,ST40728,,BOMAG,05741244,
87,ST40729A,,KOMATSU,6128-81-7320 6128-81-7042(AB),
87,ST40729A,,FLEETGUARD,AF4504M,
87,ST40729A,,DONALDSON,P145702,
87,ST40729B,,FLEETGUARD,AF1791,
87,ST40729B,,DONALDSON,P804215,
87,ST40729B,,KOMATSU,6127-81-7412/7413,
87,ST40730,,,341*166*88,
87,ST40731,,,275*140*83,
87,ST40732,,,257*105*64,
88,ST40820A,,FLEETGUARD,AF26207                        SEV551F/4,
88,ST40820B,,FLEETGUARD,AF26208,
88,ST40820B,,DONALDSON,P781102,
88,ST40928,,FLEETGUARD,AF928M,
88,ST41001,,,,
88,ST41002,,,,
88,ST41003,,,,
88,ST41004,,,,
88,ST41005,,,,
88,ST41006,,,,
88,ST41008,,,,
88,ST41100,,,AH1100,
88,ST41101,,,AH1101,
88,ST41103,,,AH1103                           P154927,
88,ST41135,,,AH1135                           P524838,
89,ST41183,,,AH1183                          P528722,
89,ST41340A,,,AF25454/25627 600-185-4120,
89,ST41340A,,,142-1340 CH11217  P608885  P781741,
89,ST41340A,,,600-185-6110 600-185-6100,
89,ST41340B,,,AF25268 142-1403,
89,ST41340B,,,600-185-6120,
89,ST41341A,,,AF25619                         11033998,
89,ST41341B,,,AF25620                         11033999,
89,ST41342A,,,AF25812                         C20500,
89,ST41342B,,,AF25813,
89,ST41343,,,,
89,ST41769,,,AF1769                            PE322,
89,ST43829,,FLEETGUARD,AF26187                      0140-3829/3830,
89,ST43999,,FLEETGUARD,AF26232                         0140-3999,
89,ST44548,,DONALDSON,P154575,
89,ST44842,,FLEETGUARD,AF4842 30944204,
89,ST44898,,FLEETGUARD,AF4898                         30941604,
90,ST45389A,,FLEETGUARD,AF344M                        7W5389,
90,ST45389B,,FLEETGUARD,AF343                            2S-1285,
90,ST46128,,,6L4714                       6L6873,
90,ST46128,,,AF4128                        P1111098,
90,ST46578AB,,,113-1578                      113-1579,
90,ST46578AB,,,AF26297                         P603857,
90,ST47509,,,,
90,ST47510,,,203*320*154,
90,ST47643,,FLEETGUARD,AF26249,
90,ST47643,,VOLVO,3827643,
90,ST48201A,,,106-3969,
90,ST48201A,,,AF25262,
90,ST48201B,,,106-3973,
90,ST48201B,,,AF25263,
90,ST48710A,,,AF25743                        4P0710,
90,ST48710B,,,AF26194                       4P0711,
90,ST48721,,,AF872                          P181099,
90,ST48802A,,,AF1921M                    4240294,
90,ST48802B,,,AF1922M                     4240295,
91,ST60821,,,WF2054,
91,ST60821,,,P554013                    P554075,
91,ST60822,,,3100308,
91,ST60822,,,WF2075,
91,ST60822,,,P552075,
91,ST60823,,,3318319,
91,ST60823,,,3310272,
91,ST60823,,,WF2076,
91,ST60823,,,P552076,
91,ST60824,,,3100308,
91,ST60824,,,WF2053,
91,ST60824,,,P554073,
91,ST60825,,,3100304,
91,ST60825,,,WF2071,
91,ST60825,,,P552071,
91,ST60826,,,WF2051,
91,ST60826,,,P554744,
91,ST60827,,,4058964,
91,ST60827,,,WF2073,
91,ST60827,,,P552073,
91,ST60828,,,1661964,
91,ST60828,,,WF2096,
91,ST60828,,,P552096,
91,ST60829,,,600-411-1151,
91,ST60829,,,600-411-1020,
91,ST60829,,,WF2144  P554074,
91,ST60830,,,9N3368,
91,ST60830,,,WF2071,
91,ST60830,,,P554071,
91,ST60831,,,9N3367,
91,ST60831,,,WF2055                     P552055,
91,ST60832,,,600-411-1191,
91,ST60832,,,WF2071                     P552071,
91,ST60833,,,4907485,
91,ST60833,,,WF2126                    P550866,
91,ST60834,,,5263175,
91,ST60834,,,WF2144                     P554074,
92,ST60835,,,1699830-4,
92,ST60835,,,WF2096                     P552096,
92,ST60836,,,1W5518,
92,ST60836,,,WF2056,
92,ST60837,,,600-411-1171,
92,ST60838,,,600-411-1181,
92,ST62067,,,WF2067                     P554074,
92,ST62067,,,3316053,
92,ST68331,,,26550001,
92,ST68331,,,WF2104                     P552075,
93,ST70001,,,山河智能70/60/80铜网,
93,ST70002,,,,
93,ST70003,,,玉柴铜网,
93,ST70004,,,三一铜网,
93,ST70005,,,凯斯210/240铜网,
93,ST70006,,,三一6C-9 / 65C-9,
93,ST70007,,,,
93,ST70008,,,福田雷沃210/220,
93,ST70009,,,厦工806,
93,ST70010,,,厦工808/815,
93,ST70011,,,厦工822,
93,ST70012,,,柳工220,
93,ST70013,,,龙工215/225,
93,ST70014,,,龙工230/235,
94,ST70015,,,玉柴210-8                      230-8                        240-8,
94,ST70016,,,玉柴35,
94,ST70017,,,力士德130-8,
94,ST70018,,,中联330/360,
94,ST70019,,,柳工915/150,
94,ST70020,,,徐工80,
94,ST70021,,,徐工370,
94,ST70022,,,徐挖240,
94,ST70023,,,山河智能230,
94,ST70024,,,龙工60,
94,ST70025,,,龙工85,
94,ST70026,,,小松新款铜网,
94,ST70027,,,徐工215,
94,ST70028,,,徐挖210,
95,ST70029,,,SK460-6                      SK480,
95,ST70030,,,PC7508,
95,ST70031,,,DH55                         DH60,
95,ST70032,,,DH55                          DH60,
95,ST70033,,,111021,
95,ST70033,,,SY360                        SY465,
95,ST70034,,,0330D010BN4HCI,
95,ST70034,,,P170610,
95,ST70035,,,0330D010BN4HCI,
95,ST70035,,,P170610,
95,ST70036,,,徐工150,
95,ST70037,,,徐工60,
95,ST70038,,,雷沃60老款,
95,ST70039,,,威克特323,
95,ST70040,,,750131003,
95,ST70042,,,国机3365LC-9,
95,ST70043,,,"53C0627 SH60647
 H20-0584-HOL
FH-3122 53C0500",
96,ST70044,,,4317008,
96,ST70045,,,E306                          E307,
96,ST70046,,,AGC02                          临工60,
96,ST70047,,,42N-60-1161,
96,ST70048,,,SH60541                        H-45030,
96,ST70049,,,EF-107D,
96,ST70050,,,419-15-16930,
96,ST70051,,,209-60-12840                PC650-5,
96,ST70052,,,562-15-11570,
96,ST70053,,,21N-62-31221                 GYA17,
96,ST70054,,,,
96,ST70055,,,60167852/PO-CO-02-01030,
96,ST70056,,,EF+078C-100                  SY385,
,ST70079,,,21U-60-32121 21U-60-32120 FY-5312,"PC18MR, PC20MR, PC20MRX, PC22MR, PC26MR, PC27MR, PC27MRX, PC30MR, PC30UU, PC35MR,"
,ST70097,,,KH351 E303SR VIO30,48*100*85
96,ST78005,,,,
97,ST78009,,,EX60-5,
97,ST70810,,FLEETGUARD,HF28925,
97,ST70810,,HITACHI,4210224,
97,ST70810,,KOMATSU,203-60-56250,
97,ST70811,,KOMATSU,205-60-51450,
97,ST70815,,,205-60-51270              R36P0019,
97,ST70821,,,KTJ1081,
97,ST70830,,,E85700711                      E200B E320                 PC120-3/5,75*150*135
97,ST70831,,HITACHI,3501403,
97,ST70832,,KOTO,689-13101000,
97,ST70841,,KOMATSU,201-60-22150,
97,ST70842,,KOMATSU,203-60-21141,
97,ST70843,,,21E-60-11130,
97,ST70850,,KOMATSU,20Y-60-21311,
97,ST70851,,KOMATSU,,
97,ST70852,,DAWOO,2474-9016A,
98,ST70857,,,E312                         E120B,
98,ST70859,,,SH60 31M5-70010 P871 203-60-31150 FY-5077,
98,ST70861,,,,
98,ST70862,,,,
98,ST70864,,,030168-024500 4190987 HF6247 P173490 4285577,EX120 76-125-130
98,ST70867,SP-867,VOLVO,360,
98,ST70868,SP-868,HYUNDAI,31E9-10190 31E9-0595,
98,ST70870,SP-870,DAWOO,2471-9401,
98,ST70880,SP-880,,13420 /195-13-13420              SPECIFICATION              90*58*38,
98,ST70884,,,柳工936铜网,
98,ST70889,SP-889,KOMATSU,20Y-60-31171 22B-60-11160,
98,ST70895,SP-895,FLEETGUARD,,
98,ST75122,SP-5122,,钻机用铜网滤芯                5112-3057-74                 105-84-14,
98,ST70889-1,,,,
,ST78050,,,R010052 4648651 HY90544 SH60368 14375002 4648651,
99,ST86801,ST-KT6801,长（length)*宽（width)*高(height),430*74*47,
99,ST86801,ST-KT6801,OF,JCB挖机/山河智能挖机,
99,ST86802,ST-KT6802,长（length)*宽（width)*高(height),220*242*50,
99,ST86802,ST-KT6802,,神钢200系列外置 SK200-3/5/6/7/8,
99,ST86802,ST-KT6802,OF,51186-41870  YN50V01015P3,
99,ST86803,ST-KT6803,长（length)*宽（width)*高(height),211*170*19,
99,ST86803,ST-KT6803,OF,大宇DH258LC/DH300LC-V内置,
99,ST86804,ST-KT6804,长（length)*宽（width)*高(height),253*190*28,
99,ST86804,ST-KT6804,OF,住友内置SH250/350内置      51186-41951,
99,ST86805,ST-KT6805,长（length)*宽（width)*高(height),326*181*60,
99,ST86805,ST-KT6805,OF,VOLVO 210/360内置          14503269,
99,ST86806,ST-KT6806,长（length)*宽（width)*高(height),302*418*31,
99,ST86806,ST-KT6806,OF,VOLVO 210外置              14506997,
99,ST86807,ST-KT6807,长（length)*宽（width)*高(height),600*123*25,
99,ST86807,ST-KT6807,OF,CAT E320C//E/D/330C外置      4I-1278,
99,ST86808,ST-KT6808,长（length)*宽（width)*高(height),215*195*17,
99,ST86808,ST-KT6808,OF,PC200-7/8/PC300/360-7/PC400/RD118-53710内置 08974-00820  208-979-7620,
99,ST86809,ST-KT6809,长（length)*宽（width)*高(height),200*202*18,
99,ST86809,ST-KT6809,OF,E320B/D E330内置   245-7823/245-8237/293-1137/293-1184/140670-3140/263-G67-3191,
99,ST86810,ST-KT6810,长（length)*宽（width)*高(height),245*106*20,
99,ST86810,ST-KT6810,OF,现代通用 三一挖机AF26474/12E1-3500/11N690760/OK2N-161-52X,
99,ST86811,ST-KT6811,长（length)*宽（width)*高(height),198*192*12,
99,ST86811,ST-KT6811,OF,现代内置2C7714,
99,ST86812,ST-KT6812,长（length)*宽（width)*高(height),223*169*51,
99,ST86812,ST-KT6812,OF,PC-7PC130-7/200-7/PC300/400/PC200-6/8PC360-7PA5328/AF25573/4234793/ 17801-74010/17M-911-3530,
99,ST86813,ST-KT6813,长（length)*宽（width)*高(height),250*215*27,
99,ST86813,ST-KT6813,OF,现代R75挖机 V9112-0012/203-979-6850    17801-11070,
99,ST86814,ST-KT6814,长（length)*宽（width)*高(height),208*236*25,
99,ST86814,ST-KT6814,OF,现代电喷机 97610-25150,
100,ST86815,ST-KT6815,长（length)*宽（width)*高(height),202*198*20,
100,ST86815,ST-KT6815,OF,WA380，卡特320C/330C内置 PA4987   20Y-979-6261   7729700010,
100,ST86816,ST-KT6816,长（length)*宽（width)*高(height),208*186*28,
100,ST86816,ST-KT6816,OF,神钢内置SK-200系列  56186-40350  YN50V01014D1,
100,ST86817,ST-KT6817,长（length)*宽（width)*高(height),436*122*45,
100,ST86817,ST-KT6817,OF,VOLVO 220/360装载机   6664161/11703979/15052786,
100,ST86818,ST-KT6818,长（length)*宽（width)*高(height),490*123*30,
100,ST86818,ST-KT6818,OF,SK200-8/350-8/250-8外置   51186-41970,
100,ST86819,ST-KT6819,长（length)*宽（width)*高(height),281*161*54,
100,ST86819,ST-KT6819,OF,ZAXS-3内置 ZAXS-5/EX200/330-3内置4658954 534241-7600/4643580,
100,ST86820,ST-KT6820,长（length)*宽（width)*高(height),210*225*31,
100,ST86820,ST-KT6820,OF,SK200-8/350-8/250-8内置   51186-4199,
100,ST86821,ST-KT6821,长（length)*宽（width)*高(height),284*176*10,
100,ST86821,ST-KT6821,OF,日立直喷 EX200-5外置4441139/2474Y9404/4S00684,
100,ST86822,ST-KT6822,长（length)*宽（width)*高(height),264*140*20,
100,ST86822,ST-KT6822,OF,卡特320C内置 小松210-7通用内置600-181-9418/20Y979-6261/AF55733/185-8154/4I-8675,
100,ST86823,ST-KT6823,长（length)*宽（width)*高(height),302*198*20,
100,ST86823,ST-KT6823,OF,PC300-7/PC400-6外置PC470内置PA4986/AF55736/77Z9700020/20Y-979-3380,
100,ST86824,ST-KT6824,长（length)*宽（width)*高(height),320*215*78,
100,ST86824,ST-KT6824,OF,EX200/ZAX-3/5EX330-3外置/4632689,
100,ST86825,ST-KT6825,长（length)*宽（width)*高(height),350*253*71,
100,ST86825,ST-KT6825,OF,日立直喷挖机通用 EX200-5   4350249/4S00640,
100,ST86826,ST-KT6826,长（length)*宽（width)*高(height),508*285*61,
100,ST86826,ST-KT6826,OF,VOLVO 220/360装载机 6664160/11703980,
100,ST86827,ST-KT6827,长（length)*宽（width)*高(height),264*240*24,
100,ST86827,ST-KT6827,OF,PC50-75小机PC3200-6（大）PC60-7内置,
100,ST86828,ST-KT6828,长（length)*宽（width)*高(height),200*235*39,
100,ST86828,ST-KT6828,OF,PC300内置/PC50-75小机203-979-6850,
101,ST86829,ST-KT6829,长（length)*宽（width)*高(height),182*168*42,
101,ST86829,ST-KT6829,OF,PC200-3/6通用 小松7型机后置   203-979-6591,
101,ST86830,ST-KT6830,长（length)*宽（width)*高(height),391*143*40,
101,ST86830,ST-KT6830,OF,2031AK/4141K/4144K/CU3855/E982LI/93234E/P784473/0008301218,
101,ST86831,ST-KT6831,长（length)*宽（width)*高(height),402*181*40,
101,ST86831,ST-KT6831,OF,MAN M/F/E2000L货车 E960LI/      81.61910.0011/81.69010.0011,
101,ST86832,ST-KT6832,长（length)*宽（width)*高(height),234*184*40,
101,ST86832,ST-KT6832,OF,SHA5/SH250/350外置KHR13340挖掘机    51186-41980,
101,ST86833,ST-KT6833,长（length)*宽（width)*高(height),206*228*68,
101,ST86833,ST-KT6833,OF,斯堪尼亚P/G/R/T-SERIES 04款/CU1722/1420197,
101,ST86834,ST-KT6834,长（length)*宽（width)*高(height),375*135*20,
101,ST86834,ST-KT6834,OF,斯堪尼亚P/G/R/T-SERIES 2010款/CU37001/1770813/1913500,
101,ST86835,ST-KT6835,长（length)*宽（width)*高(height),400*185*40,
101,ST86835,ST-KT6835,OF,重汽德龙拖头   10044373,
101,ST86836,ST-KT6836,长（length)*宽（width)*高(height),380*134*36,
101,ST86836,ST-KT6836,OF,奔驰重卡拖头系列08款/AF25695/CU3869/A0008301118,
101,ST86837,ST-KT6837,长（length)*宽（width)*高(height),284*169*36,
101,ST86837,ST-KT6837,OF,日立EX200-5挖机/ZAX直喷内置/4S00683/4484453,
101,ST86838,ST-KT6838,长（length)*宽（width)*高(height),210*180*20,
101,ST86838,ST-KT6838,OF,斗山DA258/DH-7           2474Y6050,
101,ST86839,ST-KT6839,长（length)*宽（width)*高(height),226*179*46,
101,ST86839,ST-KT6839,OF,住友挖机,
101,ST86840,ST-KT6840,长（length)*宽（width)*高(height),214*237*52,
101,ST86840,ST-KT6840,OF,小松WA470装载机外滤/加藤-8   4033060270,
101,ST86841,ST-KT6841,长（length)*宽（width)*高(height),395*184*52,
101,ST86841,ST-KT6841,OF,矿山机械                       RD-5-11509-0,
101,ST86842,ST-KT6842,长（length)*宽（width)*高(height),470*174*12,
101,ST86842,ST-KT6842,OF,矿山机械                        RD-5-11509-1,
102,ST86843,ST-KT6843,长（length)*宽（width)*高(height),216*118*14,
102,ST86843,ST-KT6843,OF,久保田、日立70 内置,
102,ST86844,ST-KT6844,长（length)*宽（width)*高(height),540*150*72,
102,ST86844,ST-KT6844,OF,卡特D6G推土机                  6T-0988/P535243/AF26181,
102,ST86845,ST-KT6845,长（length)*宽（width)*高(height),425*132*14,
102,ST86845,ST-KT6845,OF,富豪980压路机              12732398,
102,ST86846,ST-KT6846,长（length)*宽（width)*高(height),207*210*49,
102,ST86846,ST-KT6846,OF,富豪牵引车FH12/FH16/FM10/FM7/FM9-3001/340/380 8143691/8144430,
102,ST86847,ST-KT6847,长（length)*宽（width)*高(height),124*176*19,
102,ST86847,ST-KT6847,OF,V0521-3291/01453-0804/6A671-75090,
102,ST86848,ST-KT6848,长（length)*宽（width)*高(height),310*120*42,
102,ST86848,ST-KT6848,OF,久保田内置                   V0521-3292,
102,ST86849,ST-KT6849,长（length)*宽（width)*高(height),54*31/47*39,
102,ST86849,ST-KT6849,OF,CASE凯斯挖机 CX130B/180B/210B/230B 现代R130LC/170LC VOLVO140B/EC210B/V0521-6591/AF26675,
102,ST86850,ST-KT6850,长（length)*宽（width)*高(height),295*212*57,
102,ST86850,ST-KT6850,OF,FENDT芬特农用机械 E619L/C30154/H178.810.130.070/H117.811.130.100,
102,ST86851,ST-KT6851,长（length)*宽（width)*高(height),243.5*173*50,
102,ST86851,ST-KT6851,OF,CU2582,
102,ST86852,ST-KT6852,长（length)*宽（width)*高(height),210*144*147,
102,ST86852,ST-KT6852,OF,,
102,ST86853,ST-KT6853,长（length)*宽（width)*高(height),254*312*43,
102,ST86853,ST-KT6853,OF,KOMATSU小松/DUMP TRUCKS拖斗车/AF55727/P606063/427-07-22120/426-07-32441,
102,ST86854,ST-KT6854,长（length)*宽（width)*高(height),387*167*46,
102,ST86854,ST-KT6854,OF,PC200-8外置,
102,ST86855,ST-KT6855,长（length)*宽（width)*高(height),308*157*43,
102,ST86855,ST-KT6855,OF,日立装载机                   17801-64060,
102,ST86856,ST-KT6856,长（length)*宽（width)*高(height),213*160*58,
102,ST86856,ST-KT6856,OF,SK220-3内置/P818677/56186-40150,
103,ST86857,ST-KT6857,长（length)*宽（width)*高(height),286*226*49,
103,ST86857,ST-KT6857,OF,CAT322C/324D/325C/330C LOADR:980G/988H/AF25664/87970N/1127448,
103,ST86858,ST-KT6857,长（length)*宽（width)*高(height),300*146*35,
103,ST86858,ST-KT6857,OF,现代225-9/DH300-7/9/471-00019,
103,ST86859,ST-KT6859,长（length)*宽（width)*高(height),262*138*30,
103,ST86859,ST-KT6859,OF,IVECO依维柯/504209106/504209107,
103,ST86860,ST-KT6860,长（length)*宽（width)*高(height),465*177*70,
103,ST86860,ST-KT6860,OF,AF26413/AF26671/CU4795/81619100018,
103,ST86861,ST-KT6861,长（length)*宽（width)*高(height),100*198*20,
103,ST86861,ST-KT6861,OF,小松LC系列 PC160LC-7E0/200LC-7/8/PC220LC-8/400LC-7/PC600LC-8/800LC-8/208-979-7740/209-979-7740,
103,ST86862,ST-KT6862,长（length)*宽（width)*高(height),440*99*38,
103,ST86862,ST-KT6862,OF,依维柯 大型客车拖头CU4466/2995966/93162385,
103,ST86863,ST-KT6863,长（length)*宽（width)*高(height),240*112*24,
103,ST86863,ST-KT6863,OF,PC50/55内置                 22B9791740,
103,ST86864,ST-KT6864,长（length)*宽（width)*高(height),365*160*25,
103,ST86864,ST-KT6864,OF,华一装载机        F11U10J3/HV037561,
103,SY86865,ST-KT6865,长（length)*宽（width)*高(height),472*124*57,
103,SY86865,ST-KT6865,OF,道依茨/芬特农用机械4336385/E622L/C48140/  H716.810.130.010,
103,ST86866,ST-KT6866,长（length)*宽（width)*高(height),398*163*37,426e
103,ST86866,ST-KT6866,OF,211-2660 417-8133,
103,ST86867,ST-KT6867,长（length)*宽（width)*高(height),408*119*58,
103,ST86867,ST-KT6867,OF,道依茨/芬特农用机械 CU4197/H716.810.130.101,
103,ST86868,ST-KT6868,长（length)*宽（width)*高(height),438*121*15,
103,ST86868,ST-KT6868,OF,小松 PC228US系列,
,ST86870,,,PC200-8  208-979-7530,
103,ST86872,ST-KT6872,长（length)*宽（width)*高(height),211*140*45,
103,ST86872,ST-KT6872,OF,CAT反铲式装载机 414E/416D/420D/422E/428D/P785965/AF26248/227-7449,
103,ST86881,ST-KT6881,长（length)*宽（width)*高(height),373*180*20,
103,ST86881,ST-KT6881,OF,三一挖机                       FS-K957/B222100000713,
104,ST86882,ST-KT6882,长（length)*宽（width)*高(height),215*120*15/233*120*15,
104,ST86882,ST-KT6882,OF,小松挖掘机                    22B-979-1730/PA5651,
104,ST86889,ST-KT6889,长（length)*宽（width)*高(height),230*180*46,
104,ST86889,ST-KT6889,OF,WAC2772/KHR2772,
104,ST86892,ST-KT6892,长（length)*宽（width)*高(height),,
104,ST86892,ST-KT6892,OF,日立60/70/ZX60/70/ZAX60/70/4S00687,
104,ST86893,ST-KT6893,长（length)*宽（width)*高(height),,
104,ST86893,ST-KT6893,OF,EX471-5/ZAX470-5/YA00001490,
104,ST86894,ST-KT6894,长（length)*宽（width)*高(height),210*108*58,
104,ST86894,ST-KT6894,OF,加藤HD512/820/140*1023空气滤清器,
104,ST86899,ST-KT6899,长（length)*宽（width)*高(height),215*150*8,
104,ST86899,ST-KT6899,OF,小松55/PC55 神钢SK115-135,
104,ST86900,ST-KT6900,长（length)*宽（width)*高(height),590*115*20,
104,ST86900,ST-KT6900,OF,卡特CAT320D2*323D/324D外置 小松挖掘机,
104,ST86900,ST-GC5001,,六回路带干燥器,
104,ST86900,ST-GC5002,,东风小天龙,
104,ST86900,ST-GC5003,,空气干燥器总成DR-5,
104,ST86900,ST-GC5004,,华凌干燥器DR-5,
104,ST86900,ST-GC5005,,干燥筒                   4324100202,
104,ST86900,ST-GC5006,,江滩干燥器,
104,ST86900,ST-GC5007,,干燥筒,
104,ST86900,ST-GC5008,,四回路干燥器大力神,
104,ST86900,ST-GC5009,,干燥器总成,
104,ST86900,ST-GC5010,,四回路干燥器奥威,
104,ST86900,ST-GC5011,,153 DRYER 153干燥器,
104,ST86900,ST-GC5012,,四回路干燥器福田,
104,ST86900,ST-GC5013,,红色铁马,
104,ST86900,ST-GC5014,,空气干燥器总成                  原厂编号：DR-31,
104,ST86900,ST-GC5015,,东风大天龙,
104,ST86900,ST-GC5016,,东风霸龙,
104,ST86900,ST-GC5017,,干燥器总成DR-41,
104,ST86900,ST-GC5018,,干燥器总成MS-ICW520,
104,ST86900,ST-GC5019,,六回路干燥器,
104,ST86900,ST-GC5020,,大力神干燥器总成,
104,ST86900,ST-GC5021,,青气六回路总成,
104,ST86900,ST-GC5022,,大天龙干燥器,
104,ST86900,ST-ZC4003,,ST40619AB,
104,ST86900,ST-KT6900,,EX230-6/EX240/EX250 4430601,
104,ST86900,ST-ZC4004,,ST40629AB,
104,ST86900,ST-KT6900,,E330 193-2714,
104,ST86900,ST-ZC4005,,ST40639AB,
104,ST86900,ST-KT6900,,E320/E325B                    162-6201,
104,ST86900,ST-ZC4006,,ST40659AB,
104,ST86900,ST-KT6900,,PC360,
104,ST86900,ST-ZC4007,,ST40640AB,
104,ST86900,ST-KT6900,,PC220-7/R250-7 6378-81-7200,
104,ST86900,ST-ZC4008,,ST40700AB,
104,ST86900,ST-KT6900,,YM70,
104,ST86900,ST-ZC4009,,ST40626AB,
104,ST86900,ST-KT6900,,SK320-6 4430601,
104,ST86900,ST-ZC4010,,ST40620AB,
104,ST86900,ST-KT6900,,EX200 HD200 SK200,
104,ST86900,ST-ZC4011,,起动机专用,
104,ST86900,ST-ZC4012,,YM4TNV88,
104,ST86900,ST-ZC4013,,EX200-5,
104,ST86900,ST-ZC4014,,R250-7,
104,ST86900,ST-ZC4015,,日野,
104,ST86900,ST-ZC4016,,起动机专用,
104,ST86900,ST-ZC4017,,PC450,
104,ST86900,ST-KT6900,,ST41340AB,
104,ST86900,ST-ZC4018,,VOLVO360,
104,ST86900,ST-KT6900,,ST41341AB,
104,ST86900,ST-ZC4019,,EX450,
104,ST86900,ST-KT6900,,ST41340AB,
104,ST86900,ST-ZC4020,,EX330,
104,ST86900,ST-ZC4021,,SK350-8,
104,ST86900,ST-KT6900,,ST40659AB,
104,ST86900,ST-ZC4022,,PC200-7,
104,ST86900,ST-KT6900,,ST40630AB,
104,ST86900,ST-ZC4023,,SK200-8 SK210-8,
104,ST86900,ST-KT6900,,ST40619AB,
104,ST86900,ST-ZC4024,,PC200-6,
104,ST86900,ST-KT6900,,ST40611AB,
104,ST86900,ST-ZC4025,,E320B,
104,ST86900,ST-KT6900,,ST40639AB,
104,ST86900,ST-ZC4026,,SK200-5 SK200-6,
104,ST86900,ST-ZC4027,,山河智能,
104,ST86900,ST-KT6900,,ST40131AB,
104,ST86900,ST-ZC4028,,SK60,
104,ST86900,ST-KT6900,,ST40700AB,
104,ST86900,ST-ZC4029,,EX60 EX70,
104,ST86900,ST-KT6900,,ST40700AB,
104,ST86900,ST-ZC4030,,PC60,
104,ST86900,ST-KT6900,,ST40700AB,
104,ST86900,ST-ZC4031,,E307 铁壳,
104,ST86900,ST-ZC4032,,E312D E315,
104,ST86900,ST-ZC4033,,EX60 EX70 铁壳,
104,ST86900,ST-ZC4034,,SK230-6,
104,ST86900,ST-ZC4035,,ZAX80 ZAX90,
104,ST86900,ST-ZC4036,,ZAX70-5G,
104,ST86900,ST-ZC4037,,HD820,
104,ST86900,ST-ZC4038,,SY75铁壳,
104,ST86900,ST-ZC4039,,石川岛80,
104,ST86900,ST-ZC4040,,EC240 EC290,
104,ST86900,ST-ZC4041,,R210-7,
104,ST86900,ST-ZC4042,,,
104,ST86900,ST-ZC4043,,,
104,ST86900,ST-ZC4044,,,
104,ST86900,ST-SP833A,,,
115,ST90001,,,600-211-5241,
115,ST90002,,,6136-51-5121,
115,ST90003,,,5I-7950,
115,ST90004,,,IR-0716,
115,ST90005,,,65.05510-5009S,
115,ST90006,,,5735-51-5141,
115,ST90007,,,8-97049708-1,
115,ST90008,,,4622562 4448336,
115,ST90009,,,15607-2190,
115,ST90010,,,IR-0739,
115,ST90011,,,IR-1807,
115,ST90012,,,IR-0716                        IR-1808,
115,ST90013,,,600-211-1340,
115,ST90014,,,600-311-5610,
116,ST90015,,,4I-3948,
116,ST90016,,,5I-8670,
116,ST90017,,,4630525,
116,ST90018,,,4429726                     4429727,
116,ST90019,,,6735-51-5142,
